Код;Наименование;Код группы груза
10101;ДРОВА ДОЛГОТЬЕ;6
10102;ДРОВА ПР;6
10202;ДРЕВЕС ТОПЛ ПР;6
10301;МУКА ДРЕВЕС ПР;6
10304;ОПИЛКИ ДРЕВЕС Н;6
10305;ПРЕСС-ПОР ДРЕВ;6
10306;СТРУЖКИ ДРЕВ ВС;6
10307;ЩЕПА КР КРОВЕЛ;6
11100;ПР ЛЕСПРОД;10
11102;БРИКЕТЫ ПЕЛЕТ Д;10
11103;КОРА ПР;10
11105;КОРЬЕ ДУБИЛ КР;10
11106;ЛИСТЬЯ ВС;10
11107;ЛОЗА РАКИТНИК;10
11109;МЕТЛЫ КР ТРАВ;10
11111;НАПЛЫВЫ НАР ПР;10
11112;ОТХОДЫ ДРЕВЕС;10
11113;ЛЕСПРОДУКЦИЯ ПР;10
11114;ТРУТ ДРЕВЕСНЫЙ;10
11115;ФАШИНЫ;10
11116;ШИШКИ ХВОЙНЫЕ;10
11201;ДЕРЕВЬЯ КУСТЫ;10
11202;ЕЛКИ СРЕЗАННЫЕ;10
11205;САЖЕНЦЫ ВС;10
12101;БЛОКИ ДЕРЕВ;6
12102;ГОНТ КРОВЕЛЬНЫЙ;6
12103;ДВЕРИ ДЕРЕВ;6
12104;ДОМА ЩИТОВЫЕ;6
12105;ДОСКИ ПОДОК ДЕР;6
12106;ДОСКИ ШПУНТ ПОЛ;6
12108;ИЗДЕЛИЯ ДЕР ПР;6
12109;КАРНИЗЫ ДЕРЕВ;6
12110;КОМПЛЕКТЫ ДОМОВ;6
12111;КОНСТРУКЦ ДЕРЕВ;6
12112;НАЛИЧНИКИ ДЕРЕВ;6
12114;ПАРКЕТ;6
12115;ПЕРЕПЛЕТЫ ДЕРЕВ;6
12116;ПЛИНТУСЫ ДЕРЕВ;6
12201;ПЛИТЫ ДВП;6
12202;ПЛИТЫ ДСП;6
12203;ПЛИТЫ ОТХОД ДР;6
12301;БОЧКИ ДЕРЕВ НОВ;10
12303;КОМПЛЕКТ ЯЩ ДЕР;10
12304;ТАРА ДЕРЕВ Н ПР;10
12305;ТАРА ПЛЕТЕНАЯ;10
12306;ЯЩИКИ ДЕРЕВ НОВ;10
12403;ТАРА ДЕР ВОЗ ПР;10
12404;ЯЩИКИ ДЕРЕВ ВОЗ;10
12501;БАГЕТЫ;10
12502;БАРАБАНЫ ДЕРЕВ;10
12503;БАРАБАНЫ ДЕР ПР;10
12505;ВЕРСТАКИ;10
12506;ВЫШКИ ДЕРЕВ;10
12507;ГРАБЛИ ДЕРЕВ;10
12508;ДЕТАЛИ ПОЛ ДСП;10
12510;ИЗД ДЕРЕВ БЫТ;10
12511;ИЗД ДЕРЕВ ПТИЧН;10
12512;ИЗД ДЕРЕВ ПР;10
12513;ИЗД ПРОБК ПР;10
12514;ИЗД СТОЛЯР РАЗН;10
12515;ИНСТРУМ ИЗМ ДЕР;10
12516;КЛЕТКИ ДЕРЕВ;10
12517;КОНСТРУКЦ ДЕР К;10
12518;КОРЗИНЫ ЛУЧИН;10
12519;КОРОБА ДЕРЕВ;10
12520;КОРОБКИ ДЕРЕВ;10
12521;ЛЕСТНИЦЫ ДЕРЕВ;10
12522;ЛОПАТЫ ДЕРЕВ;10
12525;НАЛИЧНИКИ ДСВ;10
12527;ПЛАНКИ УПАКОВ;10
12528;ПЛИНТУСЫ ДСВ;10
12529;ПЛИТЫ АСБДРЕВ;10
12530;ПОДДОНЫ ДЕРЕВ;10
12531;ПРИЩЕПКИ ДЕРЕВ;10
12532;ПРОКЛАДКИ ДЕРЕВ;10
12534;РЕЙКИ ДЕРЕВ;10
12535;РАМЫ ДЕРЕВ;10
12536;РАМЫ ПАРН ДЕРЕВ;10
12537;РЕШЕТА ДЕРЕВ;10
12538;РУКОЯТКИ ДЕРЕВ;10
12539;ТОПОРИЩА ДЕРЕВ;10
12540;ТРАПЫ ДЕРЕВ;10
12541;ТРУБЫ ДЕРЕВ;10
12543;ФУТЛЯРЫ ДЕРЕВ;10
12545;ШТОРЫ ДРЕВЕС;10
12546;ЩИТЫ ДЕРЕВ;10
12601;СПИЧКИ КР ТЕРМС;10
12701;БАНКЕТКИ;10
12702;БУФЕТЫ;10
12703;ВЕШАЛКИ;10
12704;ГАРНИТУРЫ КУХОН;10
12705;ГАРНИТУРЫ СТОЛ;10
12706;ГАРНИТУРЫ СПАЛ;10
12707;ГАРНИТУРЫ ПР;10
12708;ДЕТАЛИ МЕБ ДЕР;10
12709;ДИВАНЫ-КРОВАТИ;10
12710;ДИВАНЫ;10
12711;ЗАГОТОВКИ ЩИТ;10
12713;КОМОДЫ;10
12714;КРЕСЛА ПР;10
12715;КРЕСЛА-КРОВАТИ;10
12716;КРОВАТИ ДЕР ВС;10
12717;КУШЕТКИ;10
12718;МАТРАЦЫ ПРУЖИН;10
12719;МЕБЕЛЬ ДЕТСКАЯ;10
12720;ОБОРУД ТОРГОВ;10
12721;МЕБЕЛЬ МЯГКАЯ;10
12722;МЕБЕЛЬ ПР;10
12723;НОСИЛКИ САНИТАР;10
12724;ПОЛКИ ДЛЯ КНИГ;10
12725;РЕАЛЫ ТИПОГРАФ;10
12727;СЕРВАНТЫ;10
12728;СТОЛЫ ДЕТСКИЕ;10
12729;СТОЛЫ ПР;10
12730;СТОЛЫ УЧЕНИЧ;10
12731;СТУЛЬЯ;10
12732;ТАБУРЕТКИ;10
12735;ШКАФЫ КУХОННЫЕ;10
12736;ШКАФЫ ПР;10
12737;ЯЩИКИ ОБУВ ИГР;10
13101;ВАТА ЦЕЛЛЮЛОЗН;10
13102;МАССА ДРЕВЕС ВС;10
13103;ОТБОР ДРЕВ ЦЕЛ;10
13106;ЦЕЛЛЮЛОЗА ПР;10
13107;ЦЕЛЛ СУЛФАТ БЕЛ;10
13108;ЦЕЛЛ СУЛФАТ НБ;10
13109;ЦЕЛЛ СУЛФИТ БЕЛ;10
13201;АЛИГНИН;10
13202;БУМАГА АЛЬБОМН;10
13203;БУМАГА АФИШН;10
13205;БУМАГА ГАЗЕТН;10
13207;БУМАГА ГОФРИРОВ;10
13208;БУМАГА ДЕКОРАТ;10
13209;БУМАГА Д/ПЕЧАТИ;10
13210;БУМАГА ИНДИКАТ;10
13211;БУМАГА КАРТОГР;10
13212;БУМАГА КОПИРОВ;10
13213;БУМАГА КУРИТЕЛ;10
13214;БУМАГА ОБОЙН;10
13215;БУМАГА ПИСЧ;10
13216;БУМАГА ПРОМОКАТ;10
13217;БУМАГА ПР;10
13218;БУМАГА САЛФЕТОЧ;10
13219;БУМАГА ЦВЕТН;10
13220;БУМАГА ЭЛЕКТЕХ;10
13221;БУМАГА ЭТИКЕТОЧ;10
13222;БУМАГА-ОСНОВА;10
13223;ГРАНИТОЛЬ БУМ;10
13224;КАЛЬКА ПР;10
13225;КАРТОН БИЛЕТН;10
13226;КАРТОН Д/ГОФРЫ;10
13228;КАРТОН КОРОБОЧН;10
13230;КАРТОН КРОВ НЕП;10
13231;КАРТОН ОБЛИЦОВ;10
13232;КАРТОН ПЕРЕПЛЕТ;10
13233;КАРТОН ОБУВН;10
13234;КАРТОН ПРОКЛАД;10
13235;КАРТОН ПР;10
13237;КАРТОН СТР ПР;10
13238;КАРТОН ТАРН;10
13239;КАРТОН ТЕХНИЧ;10
13241;КАРТОН ШПУЛЬН;10
13242;ПЕРГАМЕНТ;10
13243;ПОДПЕРГАМЕНТ;10
13244;ЭЛЕКТРОКАРТОН;10
13301;ГИЛЬЗЫ ПАПИРОСН;10
13302;ИЗДЕЛИЯ БУМ ПР;10
13303;ИЗДЕЛИЯ КАРТ ПР;10
13304;ИЗДЕЛИЯ ФИБР ПР;10
13306;КАРТОН ГОФРИРОВ;10
13307;КОНВЕРТЫ БУМ;10
13308;КОРОБКИ КАРТОН;10
13309;КРАФТМЕШКИ;10
13310;ЛЕНТА БУМ;10
13311;МЕШКИ БУМ;10
13312;НАБИВКИ БУМ;10
13313;ОБОИ;10
13314;ПАКЕТЫ БУМ;10
13315;ПАПКИ ОБЛОЖКИ;10
13316;ПРОКЛАДКИ Д/ЯИЦ;10
13317;ТАРА БУМ КАРТ;10
13318;ФИБРА;10
13319;ШПАГАТ ШНУР БУМ;10
13320;ЯЩИКИ КАРТОН ВС;10
13321;ИЗДЕЛИЯ БУМ С-Т;10
14101;АГЛОМЕРАТ Ж/РУД;4
14102;АГЛОМЕРАТ ХРОМ;4
14103;БРИКЕТЫ ЖЕЛЕЗ;4
14106;ЖЕЛЕЗНЯК МАГНИТ;4
14108;КВАРЦИТЫ (Ж-РУД;4
14109;КОНЦЕНТРАТ ЖЛРУ;4
14110;КОНЦЕНТРАТ ХРОМ;4
14111;ОКАТЫШИ Ж/РУД;4
14112;ПЫЛЬ КОЛОШНИК;4
14113;АГЛОРУДА;4
14114;РУДА ЖЕЛЕЗ ДОМ;4
14115;РУДА ЖЕЛЕЗ МАРТ;4
14116;РУДА ЖЕЛЕЗ ПР;4
14117;РУДА ХРОМОВ;4
14118;РУДЫ ЧЕРМЕТ ПР;4
14119;ЖЕЛЕЗО ГУБЧАТ;4
14201;АГЛОМЕРАТ МАРГ;4
14203;КОНЦЕНТР МАРГ;4
14205;ПИРОКСИДЫ;4
14206;РУДА МАРГ ПР;4
15101;АГЛОМ ТИТ/МАРГ;4
15103;БОКСИТЫ;4
15104;БРИКЕТ ТИТ/МАГН;4
15106;ГЛИНОЗЕМ;4
15107;КЛИНКЕР ЦВЕТМЕТ;4
15110;КОНЦЕНТР ВОЛЬФР;4
15111;КОНЦЕНТ ИЛЬМЕН;4
15113;КОНЦЕНТР КОБАЛТ;4
15116;КОНЦЕНТР МЕДН;4
15117;КОНЦЕНТР МОЛИБД;4
15119;КОНЦЕНТР НИКЕЛ;4
15120;КОНЦЕНТР ОЛОВЯН;4
15121;КОНЦЕНТ ЦМЕТ ПР;4
15123;КОНЦЕНТР СВИНЦ;4
15124;КОНЦЕНТР СУРЬМ;4
15125;КОНЦЕНТР ЦИНКОВ;4
15126;КОНЦЕНТР ЦИРКОН;4
15127;КОНЦЕНТР ШЛИХОВ;4
15129;ПЫЛЬ КОТРЕЛЬН;4
15133;РУДА АЛЮМИН ПР;4
15135;РУДА ИЛЬМЕНИТ;4
15139;РУДА МЕДН;4
15144;РУДА НЕФЕЛИНОВ;4
15146;РУДА ОЛОВЯН;4
15152;РУДА СУРЬМЯН;4
15153;РУДА ТИТ/МАГНЕТ;4
15154;РУДА ЦИНКОВ;4
15155;РУДЫ ДРАГМЕТ;4
15156;РУДЫ ЦВЕТМЕТ ПР;4
15158;СТРОНЦИАН ПРИР;4
15162;ШЛАМ ЦВЕТМЕТ ПР;4
15164;ШТЕЙН МЕДН;4
15165;ШТЕЙН НИКЕЛЕВ;4
15201;КОЛЧЕДАН УГЛИСТ;4
15203;ПИРИТ ВС;4
15302;СЫРЬЕ СЕРН ПР;4
16101;АНТРАЦИТ;1
16103;БРИКЕТЫ КАМ/УГ;1
16104;КОНЦЕНТР УГОЛЬН;1
16106;ПРОМПРОДУКТ УГ;1
16108;УГ БУР ПОДМОС;1
16109;УГ БУР НЕПОДМОС;1
16110;УГОЛЬ ГРАННУЛИР;1
16111;УГОЛЬ Г;1
16112;УГОЛЬ Д;1
16113;УГОЛЬ Ж;1
16114;УГОЛЬ К;1
16115;УГОЛЬ ОС-ОТОЩ;1
16117;УГОЛЬ СС;1
16118;УГОЛЬ Т;1
16120;УГОЛЬ КАМЕН ПР;1
16121;УГОЛЬ ПЫЛЕВИД;1
16122;ШИХТА УГОЛЬН;1
17101;БРИКЕТЫ КОКСА;2
17103;КОКС ДОМЕН;2
17105;КОКС ЛИТЕЙН;2
17106;КОКС ПЕК КАМ/УГ;2
17107;КОКС ЭЛЕКТРОДН;2
17108;КОКС ПР;2
17109;КОКСИК ВС;2
17110;МЕЛОЧЬ КОКСОВ;2
17111;ОРЕШЕК КОКСОВ;2
17112;ПОЛУКОКС;2
17113;ПЫЛЬ КОКСОВ;2
18101;БРИКЕТЫ ТОРФЯН;10
18103;ПЫЛЬ ТОРФЯН;10
18104;ТОРФ КУСКОВ ТОП;10
18105;ТОРФ ТОПЛИВН ПР;10
18106;ТОРФ ФРЕЗЕРН;10
18201;ГОРШОЧКИ ТОРФЯН;10
18202;ГРУНТ ТОРФЯН;10
18203;КРОШКА ТОРФЯН;10
18206;ТОРФ ИЗВЕСТ;10
18207;ТОРФ КУСКОВ;10
18208;ТОРФ ФРЕЗЕР;10
18209;ТОРФОБЛОКИ;10
18210;ТОРФОКОМПОСТЫ;10
18211;УДОБР ТОРФОМИН;10
19104;МУКА СЛАНЦЕВ;10
19106;СЛАНЦЫ ГОРЮЧ ПР;10
20100;НЕФТЬ СЫРАЯ;3
21101;БЕНЗИН АВИАЦИОН;3
21102;БЕНЗИН АВТОМОБ;3
21103;БЕНЗИН Д/ПРОМЫШ;3
21105;БЕНЗИН МОТОРН;3
21110;БЕНЗИН-РАСТВОР;3
21111;БЕНЗИНЫ ПР;3
21115;ТОП Т-1 ТС Т-2;3
21201;КЕРОСИН ОСВЕТ;3
21202;КЕРОСИН ПР;3
21203;КЕРОСИН-РАСТВОР;3
21205;ТОПЛИВО Д/РЕАК;3
21208;ЛИГРОИН;3
21209;КЕРОСИН СИН Ф-Т;3
21301;АВТОЛЫ ПР;3
21303;ВАЗЕЛИНЫ КР МЕД;3
21306;ВИСКОЗИН;3
21308;ГЕРМЕТИК АГ-4;3
21310;ДИСТИЛЛЯТЫ МАС;3
21311;ЖИДКОСТИ СМАЗОЧ;3
21314;КОМПАУНДЫ МАСЕЛ;3
21316;МАСЛА ИНДУСТР;3
21318;МАСЛА СВЕТ ПР;3
21319;МАСЛА ТЕМН ПР;3
21320;МАСЛО АВИАЦИОНН;3
21321;МАСЛО АВТОМОБИЛ;3
21322;МАСЛО АВТОТРАКТ;3
21323;МАСЛО ВАЗЕЛИНОВ;3
21325;МАСЛО ГИДРАВЛИЧ;3
21327;МАСЛО Д/ПАР МАШ;3
21329;МАСЛО ИНДУСТ;3
21330;МАСЛО КОМПРЕС;3
21332;МАСЛО МИНЕРАЛЬН;3
21333;МАСЛО МОТОРН;3
21335;МАСЛО НЕФТЯН;3
21336;МАСЛО ОСЕВ;3
21337;МАСЛО ПИРОЛИЗ;3
21338;МАСЛО ПОД;3
21341;МАСЛО ТРАНСМИС;3
21342;МАСЛО ТРАНСФОРМ;3
21343;МАСЛО ТУРБИН;3
21344;ПАСТА КОЖЕВЕН;3
21347;СМАЗКИ МИНЕР ПР;3
21348;СОЛИДОЛ;3
21350;ЭМУЛЬСИИ НЕФТЕМ;3
21351;ЭМУЛЬСОЛЫ;3
21403;ТОПЛИВО ВЫШ 61С;3
21404;ТОПЛИВО НИЖ 61С;3
21405;ТОПЛИВО ДИЗ ОРТ;3
21406;ТОПЛИВО ДИЗ ПР;3
21408;ТОПЛИВО МОТОРН;3
21409;ТОПЛИВО ПЕЧН;3
21410;ТОПЛИВ СУДОВ МА;3
21501;АЛКИЛБЕНЗИН;3
21502;АЛКИЛБЕНЗОЛ;3
21503;ГАЗОЙЛЬ;3
21505;НЕФТЕПРОД СВ ПР;3
21506;ОСТАТКИ НЕФТЯН;3
21507;ПИРОБЕНЗОЛ НЕФТ;3
21508;ПИРОКОНДЕН НЕФ;3
21509;ПРИСАДКИ К ТОПЛ;3
21516;ФР ГЕКСАН-ГЕПТ;3
21517;ФРАКЦИЯ ГЕКСАН;3
21518;ФРАКЦИЯ ИЗОПЕНТ;3
21519;ФРАКЦИЯ КЕР-ГАЗ;3
21520;ФРАКЦИЯ ПЕНТАН;3
21521;ПРОДУКТЫ ПИРОЛ;3
22101;МАЗУТ Д/МАРТ П;3
22102;МАЗУТ МЯГЧИТЕЛЬ;3
22104;МАЗУТ ПРЯМ ГОНК;3
22106;МАЗУТ ТОПОЧН;3
22107;МАЗУТ ФЛОТСК;3
22110;ОСТАТКИ НЕФ ТЯЖ;3
22113;ТОПЛИВО НЕФТЯН;3
22114;ДИСТИЛ ГАЗ КОНД;3
22201;БИТУМ КАМЕННОУГ;3
22202;БИТУМ НЕФТ ИЗОЛ;3
22203;РУБРАКС;3
22204;БИТУМЫ ВЯЗК;3
22205;БИТУМЫ ЖИДК;3
22206;БИТУМЫ НЕФ СТР;3
22207;БИТУМЫ НЕФ ПР;3
22209;ГУДРОН НЕФТЯН;3
22210;КОКС НЕФТЯН АНО;3
22211;БПМ-1;3
22213;ПОЛУГУДРОНЫ;3
22215;КОКС НЕФТЯН ПР;3
22216;СЫРЬЕ НЕФТБИТУМ;3
22301;АСФАЛЬТ ПРИРОДН;3
22302;АСФАЛЬТИТ;3
22303;БИТУМ ПРИРОДН;3
22401;ВОСК БУРОУГОЛЬН;3
22402;ЭВ-1;3
22404;ВОСК СИНТЕТИЧ;3
22406;ОЗОКЕРИТ;3
22407;ПАРАФ НЕФ ЖИД;3
22408;ПАРАФ НЕФ ТВ;3
22409;ПАРАФИНЫ ПР;3
22410;ПЕТРОЛАТУМ;3
22412;СОСТ СПЛАВ ВОСК;3
22413;ЦЕРЕЗИН ПЕТРОЛ;3
22414;ЦЕРЕЗИНЫ ПР;3
22501;АСИДОЛ-ДЕЭМУЛЬГ;3
22502;БРИКЕТИН;3
22503;АСИДОЛ-МЫЛОНАФТ;3
22504;ГАЧ ДИСТИЛЛЯТ;3
22506;ДИСТИЛЛЯТЫ НЕФТ;3
22507;КОНТАКТ ЧЕРН;3
22508;КРЕПИТЕЛИ;3
22509;КРЕПИТЕЛИ СТЕРЖ;3
22511;МЫЛОНАФТ;3
22513;НЕФТЕПР ТЕМ ПР;3
22514;ОСТАТ КУБОВ;3
22516;ОТХОДЫ МАСЛЯН;3
22520;ПРИСАДКИ МИНЕР;3
22521;ПРИСАДКИ РАЗЛИЧ;3
22523;СМЕСИ ОТРАБ НЕФ;3
22524;СМОЛА АЛКИЛБЕНЗ;3
22525;СМОЛА ПИРОЛ ТЯЖ;3
22526;СМОЛА ПИРОЛ ПР;3
22527;СМОЛА ПОЛИАЛКБ;3
22528;СМОЛЫ НЕФТ ПР;3
22529;СМОЛ НЕФ 61-90С;3
22530;СЫРЬЕ Д/ТЕХУГ;3
22602;БЕНЗИН СТАБИЛЬН;3
22604;БУТАН;3
22605;ВИНИЛ;3
22606;ДИСТ ГАЗОВ КОНД;3
22607;ГАЗЫ УГЛЕВОД ПР;3
22609;ИЗОБУТАН;3
22610;КОНДЕНСАТ ГАЗОВ;3
22611;МЕТАН СЖАТ;3
22612;ПРОПАН;3
22616;ФР БУТАН-БУТИЛ;3
22617;ФР БУТИЛЕН-АМИЛ;3
22618;ФР БУТИЛЕН-БУТД;3
22619;ФР БУТИЛЕН-ИЗБ;3
22623;ФРАКЦИЯ ПЕНТАИЗ;3
22624;ФРАКЦИЯ ПИПЕРИЛ;3
22626;ФР ПРОПАН-БУТАН;3
22627;ФР ПРОПАН-ПРОП;3
22628;ФРАКЦИЯ ПРОПИЛ;3
22629;ШФЛУ;3
23101;ГЛИНА ПР;7
23102;ГРУНТ;7
23103;ДЕРН;7
23105;КРОШКА ИЗВЕСТК;7
23106;МУСОР ПОСТРОЕЧ;7
23107;ПЕСОК СТРОИТ;7
23108;РАКУШКА МОРСК;7
23109;РАКУШКА ПР;7
23111;СМЕСЬ ГОРН АСБ;7
23112;СМЕСЬ ПЕСЧ-ГРАВ;7
23114;ПЫЛЬ ИНЕРТ;7
23204;БАЗАЛЬТ;7
23205;ГАББРО;7
23206;ГАЛЬКА;7
23208;ГРАВИЙ;7
23209;ГРАНИТ;7
23210;ДИАБАЗ;7
23212;ЗАПОЛН ЕСТ КАМ;7
23213;ИЗВЕСТНЯК СТР;7
23214;БУЛЫЖНИК;7
23215;БУТ;7
23216;КАМЕНЬ СТР ПР;7
23217;КАМЕНЬ ТАЛЬК;7
23218;КИАНИТ;7
23220;МРАМОР;7
23221;МРАМОР МОЛОТ;7
23222;МУКА АНДЕЗИТ;7
23223;МУКА АСПИД;7
23224;ОЛИВИН;7
23225;ОТСЕВ ГРАН КАМ;7
23227;ПЕРЛИТ ПР;7
23233;СИЕНИТ;7
23234;ТАЛЬК МОЛОТ;7
23235;ТРАС;7
23237;ТУФ ПР;7
23239;ЩЕБЕНЬ ГРАН ПР;7
23240;ЩЕБЕНЬ ГРАВ;7
23242;ШУНГИТ;7
23243;ЩЕБЕНЬ ПР;7
23244;ЩЕБЕНЬ 5Х10;7
23245;ЩЕБЕНЬ 5Х20;7
23246;ЩЕБЕНЬ 10Х20;7
23247;ЩЕБЕНЬ 20Х40;7
23248;ЗАПОЛН КАМЕН 2Х;7
23251;ГЛЫБЫ ИЗ ГОРН П;7
23301;АЛЕБАСТР;7
23302;АНГИДРИТ;7
23304;ГИПС ПР;7
23305;ГИПС ТЕХНИЧ;7
23306;ИЗВЕСТНЯК М ПР;7
23308;ИЗВЕСТЬ ГИДРАВЛ;7
23309;ИЗВЕСТЬ ГАШЕН;7
23310;ИЗВЕСТЬ КАРБОН;7
23311;ИЗВЕСТЬ НЕГАШЕН;7
23312;ИЗВЕСТЬ ПР;7
23314;ЛИТИН;7
23315;МЕЛ;7
23316;МЕЛ ТЕХНОЛОГИЧ;7
23318;ПОРОШОК ИЗВЕСТК;7
23319;ПОРОШОК МИНЕРАЛ;7
23320;ПЫЛЬ ЦЕМ ПЕЧЕЙ;7
23322;ГИПС МЕДИЦИНСКИ;7
23401;ВЕРМИКУЛИТ ВСП;7
23402;КЕРАМЗИТ;7
23403;ПЕМЗА ЛИТОИД;7
23404;ПЕРЛИТ ВСПУЧЕН;7
23405;ТЕРМОЗИТ;7
23406;ШУНГИЗИТ;7
23407;ГРАВИЙ КЕРАМЗИТ;7
23408;ЗАПОЛ.ПОР НЕ ПН;7
23501;ЗОЛА ДРЕВЕСН;7
23502;ЗОЛА КАМЕННОУГ;7
23503;ЗОЛА ПР;7
23505;ЗОЛА ТОРФЯН;7
23506;СМЕСЬ ЗОЛОШЛАК;7
23507;ШЛАКИ ДОМЕН;7
23508;ШЛАКИ ПР;7
23509;ШЛАКИ ЭЛЕКТРПЕЧ;7
23601;БАЛЛАСТ Д/ЖД ВС;7
23602;ПЕСОК Д/ПЕС ЛОК;7
23603;ЩЕБЕНЬ Д/БАЛ ЖП;7
24103;АНДЕЗИТЫ;7
24104;АРГИЛЛИТ;7
24106;АСПИД;7
24107;БОЙ ГРАФИТОВ;7
24108;БОЙ ЛОМ КАРБОР;7
24109;БОЙ ЛОМ КОРУНД;7
24110;БОЙ КЕРАМИЧ;7
24112;БОЙ КИРП ШАМОТ;7
24113;БОЙ КИРП ПР;7
24114;БОЙ НАЖД ТОЧ ШЛ;7
24115;БОЙ ОГНЕУП ИЗД;7
24116;БОЙ СТЕКЛЯН;7
24117;БОЙ ФАРФОРОВ;7
24118;БОЙ ФАЯНСОВ;7
24119;БОЙ ЭЛЕКТРОД;7
24121;ГЛИЕЖ;7
24122;ГЛИНА БЕНТОНИТ;7
24123;ГЛИНА КРАСИЛЬН;7
24124;ГЛИНА СУКНОВАЛ;7
24125;ГЛИНА ФАРФОРОВ;7
24127;ГЛИНА ФОРМОВОЧ;7
24128;ГЛИНОПОРОШОК;7
24129;ГРАФИТ;7
24130;ДОЛОМИТ СЫР ПР;7
24131;ЗЕМЛЯ ИНФУЗОРН;7
24132;КАМЕНЬ,ЩЕБЕНЬ Г;7
24133;КАМЕНЬ,ЩЕБЕНЬ И;7
24135;КВАРЦ КОНЦ КВАР;7
24136;КРЕМЕНЬ;7
24139;МАЛАХИТ;7
24142;ОТХОДЫ ИЗВЕС ПР;7
24143;ОТХОДЫ ИЗВ ФОСФ;7
24144;ПАСТА ЛИТЕЙН;7
24145;ПЕГМАТИТ;7
24146;ПЕСОК КВАРЦ;7
24147;ПЕСОК ФОРМОВОЧ;7
24148;ПОРОШКИ ДИАБАЗ;7
24149;ПОРОШОК ГРАФИТ;7
24151;ПРОДУКТ ПОЛЕВОШ;7
24152;УТЯЖЕЛИТЕЛИ ВС;7
24153;ФЛЮСЫ СВАРОЧ;7
24155;ЦЕЛЕСТИН;7
24159;МУКА ДОЛОМИТОВ;7
24160;ОКСИД МАГНИЯ ПР;7
24161;УГЛЕРОДСОД ДОБА;7
24201;БАРИТ;7
24203;КОНЦЕНТР БАРИТ;7
24205;РУДА БОРАТОВ;7
24206;РУДА БАРИТОВ;7
24207;РУДА КВАРЦЕВ;7
24208;РУДА МАГНЕЗИТОВ;7
24209;РУДА ФЛЮОРИТОВ;7
24210;РУДЫ НЕМЕТАЛ ПР;7
24211;СУЛЬФАТ НАТР;7
24212;КОНЦЕНТРАТ МИН;7
24213;КОНЦЕНТР НЕФЕЛ;7
24301;ЗЕРНО ШЛИФОВАЛ;7
24302;КАРБИД БОРА;7
24303;КАРБИД КРЕМ ЗЕР;7
24304;КАРБИД КРЕМ ПОР;7
24305;КОРУНД ПРИРОД;7
24306;МАТЕР АБРАЗПР;7
24307;МОНОКОРУНД;7
24308;НАЖДАК;7
24309;ЭЛЕКТРОКОРУНД;7
24402;ПЕМЗА ПР;7
24500;КЛИНКЕР ЦЕМЕНТ;7
24601;СИЛИКАТ-ГЛЫБА;7
25101;БЛОКИ АГЛОПОРИТ;7
25102;БЛОКИ ГРАНИТ;7
25103;БЛОКИ ЖЕЛЕЗОБЕТ;7
25105;БЛОКИ КЕРАМИЧ;7
25106;БЛОКИ МРАМОР;7
25107;БЛОКИ СИЛИКАТ;7
25108;БЛОКИ СТЕН ПР;7
25109;БЛОКИ ТУФОВ;7
25110;БЛОКИ ШЛАКОБЕТ;7
25111;ШЛАКОБЛОКИ;7
25112;ГИПСОШЛАКОБЛОКИ;7
25113;ИЗРАЗЦЫ;7
25114;КАМЕНЬ ЦЕМШЛАК;7
25117;ПАНЕЛИ КЕРАМБЕТ;7
25118;ПАНЕЛИ СТЕН ПР;7
25119;ПЛИТЫ КАМЫШИТ;7
25120;ПЛИТЫ МРАМОР;7
25121;ПЛИТЫ АСБЕСТОШЛ;7
25122;ПЛИТЫ БЕТОН;7
25123;ПЛИТЫ ГИПСОВ;7
25125;ПЛИТЫ ГИПСОЦЕМ;7
25126;ПЛИТЫ ГРАНИТ;7
25127;ПЛИТЫ ИСКУС ПР;7
25128;ПЛИТЫ ПРИРОД ПР;7
25129;ПЛИТКИ КЕРАМ ПР;7
25130;ПЛИТЫ МЕТЛАХ;7
25131;ПЛИТЫ ПЕНОБЕТ;7
25132;ПЛИТЫ ПИРОГРАН;7
25133;ШТУКАТУРКА;7
25134;ПЛИТЫ ТРОТУАР;7
25135;КАМЕНЬ КЕРАМ СТ;7
25136;КАМНИ БЕТ СТЕН;7
25201;БОРУЛИН;7
25203;ГИДРОБУТИЛ;7
25204;ИЗОЛ;7
25205;КАРТОН КРОВЕЛЬН;7
25206;ЛИНКРУСТ;7
25207;ЛИНОЛЕУМ;7
25208;ЛИСТЫ РЕЗ-БИТУМ;7
25209;ЛИСТЫ БИТУМН;7
25210;МАСТИКА КРОВЕЛ;7
25211;ПЕРГАМИН КРОВЕЛ;7
25212;РУБЕРОИД;7
25213;СТЕКЛОРУБЕРОИД;7
25214;ТОЛЬ КРОВЕЛЬН;7
25215;ТОЛЬ ПР;7
25216;ФОЛЬГОИЗОЛ;7
25217;ШИФЕР РЕЗИНОВ;7
25218;ИЗОПЛАСТ;7
25301;КИРПИЧ БЕТОН;7
25302;КИРПИЧ ГИДРАВЛ;7
25303;КИРПИЧ ГИПСОВ;7
25304;КИРПИЧ ГЛИН ОБ;7
25305;КИРПИЧ ГЛИН ПУС;7
25306;КИРПИЧ-КЛИНКЕР;7
25309;КИРПИЧ ЛИЦ КРАС;7
25310;КИРПИЧ СИЛИКАТ;7
25313;КИРПИЧ СТР ПР;7
25314;КИРПИЧ ПЕНОДИАТ;7
25401;БАЛКИ ЖЕЛЕЗБЕТ;7
25402;ЖЕЛОБ Д/ТРУБ ЖБ;7
25404;ИЗД ЖЕЛБЕТ ПР;7
25405;КОНСТРУКЦИИ ЖБ;7
25406;МАЧТЫ ЖЕЛЕЗБЕТ;7
25407;ОПОРЫ ЖЕЛЕЗБЕТ;7
25408;ПАНЕЛИ СТЕН ЖБ;7
25409;ПЛИТЫ ЖЕЛЕЗБЕТ;7
25410;ПЛИТЫ ЖБ ПУСТ;7
25411;ПЛИТЫ ЖЕЛБЕТ ПР;7
25412;РЕЛЬСЫ ЖЕЛЕЗБЕТ;7
25413;ТРУБЫ ЖБ БЕЗНАП;7
25414;ТРУБЫ ЖБ НАПОР;7
25415;ШПАЛЫ БРУСЬЯ Ж-;7
25416;ПЛИТЫ, БЛОКИ ДЛ;7
25500;ЧЕРЕПИЦА И ШИФ;7
25501;ЛИСТЫ АСБЕСТЦЕМ;7
25502;СЛАНЕЦ КРОВЕЛЬН;7
25503;ЧЕРЕПИЦА КРОВЕЛ;7
25504;ШИФЕР ИСКУС ПР;7
25505;ШИФЕР КРОВ ВОЛН;7
25601;ДЕТАЛИ КРУПБЛ Д;10
25602;ДОМА САДОВ;10
25603;ДОМА СБ-РАЗБ БФ;10
25604;ДОМА СБ-РАЗБ ДР;10
25605;ДОМА СТЕН АРБОЛ;10
25606;ЗДАНИЯ ИНВЕНТАР;10
25607;КИОСКИ ТОРГОВ;10
25608;КОМПЛ ДЕТАЛ АРБ;10
25609;ПАВИЛЬОНЫ ПР;10
25611;ДОМА МОБИЛ ОБОР;10
26101;АСБЕСТИН;7
26102;АСБЕСТИТ;7
26103;АСБОЗОНОЛИТ;7
26104;АСБОЗУРИТ;7
26106;АСБОФАНЕРА;7
26107;БЛОКИ ФУНДАМЕНТ;7
26108;БУМАГА ИЗОЛЯЦ;7
26109;ВАТА МИНЕРАЛЬН;7
26110;ВОЛОКНО СТЕКЛЯН;7
26114;ИЗДЕЛИЯ АСБ ПР;7
26115;ИЗД АСБЦЕМ ПР;7
26116;ЛАКОТКАНЬ;7
26118;ЛИСТЫ АСБОПЕКОЛ;7
26119;ИЗД ВАТЫ;7
26120;ИЗД ИЗ СЛЮДЫ;7
26121;ИЗД ИЗОЛЯЦ ПР;7
26122;ИЗД ПРОБКОВ ПР;7
26124;ИЗД ТЕПЛОИЗ СТ;7
26125;ИЗД ТЕПЛОИЗ ПЕР;7
26126;ЛИСТЫ ГИПСОКАРТ;7
26127;МАССА АСБЦЕМ ИЗ;7
26129;МАССА ТЕРМОУСТ;7
26130;МАТЕР ИЗОЛ ПР;7
26131;МАТЫ МИНЕРАЛВАТ;7
26132;МИКАЛЕНТА;7
26136;ПЕНОСТЕКЛО;7
26137;ПЛИТКИ ЯЧ БЕТОН;7
26138;ПЛИТЫ КЕРАМЗИТ;7
26139;ПЛИТЫ МИНВАТ Б;7
26140;ПЛИТЫ МИНВАТ С;7
26141;ПЛИТЫ МИНВАТ ПР;7
26142;ПЛИТЫ СОВЕЛИТОВ;7
26143;ПЛИТЫ ТЕРМОИЗОЛ;7
26144;ПЛИТЫ ТОРФЯН;7
26145;ПЛИТЫ ФИБРОЦЕМ;7
26146;ПОРОШ ТЕПЛИЗ ПР;7
26147;ПРОБКИ ПР;7
26150;СТЕКЛОВОЛОСИТ;7
26151;СТЕКЛОЛЕНТА ЛИП;7
26152;СТЕКЛОТКАНЬ;7
26153;ФАНЕРА АСБЦЕМ;7
26154;ШЕВЕЛИН;7
26156;ЭКСПАНЗИТ;7
26201;БУМАГА АСБЕСТ;7
26202;ВАТА АСБЕСТ;7
26203;ВОЙЛОК АСБЕСТ;7
26204;ВОЛОКНО АСБЕСТ;7
26205;ИЗД АСБЕСТ ПР;7
26206;ИЗД АСБЕСТ КАРТ;7
26207;ИЗД ВАТЫ АСБЕСТ;7
26209;КАРТОН АСБЕСТ;7
26210;КОЛОДКИ АСБЕСТ;7
26211;ЛЕНТА АСБЕСТ;7
26212;КОЛЬЦА АСБЕСТ;7
26213;ЛИСТЫ АСБСТАЛЬН;7
26216;МАТЕР АСБЕСТ ПР;7
26217;НАКЛ ТОРМ АСБ;7
26218;НАКЛ ТОРМ АСББ;7
26219;НИТИ АСБЕСТ;7
26220;ПАРОНИТ;7
26221;ПЛИТЫ АСБЕСТ;7
26222;ПЛИТЫ АСББАКЕЛ;7
26225;ТКАНЬ АСБЕСТ;7
26226;ТРУБКИ АСБЕСТ;7
26227;ФИЛЬТР-ВОЛ АСБ;7
26228;ШНУРЫ АСБЕСТ;7
26301;БРИКЕТЫ АСФАЛЬТ;7
26303;ИЗД АСФАЛЬТ ПР;7
26304;МАССА АСФАЛЬТОВ;7
26305;МАСТИКА АСФАЛЬТ;7
26306;ПЛИТЫ АСФАЛЬТ;7
26401;АРБОЛИТ;7
26402;АРКИ БЕТ ЦЕМ ШЛ;7
26403;АСФАЛЬТОБЕТОН;7
26404;БЕТОНИТ;7
26405;БОРТ;7
26406;БРУСЧАТКА ЛИТ;7
26407;БЮСТЫ БЕТОН;7
26408;ВАЗЫ ЦЕМЕНТ;7
26410;АЦЭИД;7
26413;ЖЕЛ Д/ТРУБ ЛИТ;7
26415;ИЗД БЕТОН ПР;7
26416;ИЗД ГИПСОВ ПР;7
26417;ИЗД ДИАБАЗ ПР;7
26418;ИЗД КСИЛОЛИТ ПР;7
26420;ИЗД МРАМОР ПР;7
26421;ИЗД КАМ ИСК ПР;7
26422;ИЗД КАМ ПРИР ПР;7
26423;ИЗД ТЕРРАКОТ ПР;7
26424;ИЗД ФИБРОЛИТ ПР;7
26425;ИЗД ЦЕМБЕТ ПР;7
26426;ИЗД ЦЕМЕНТ ПР;7
26427;ИЗД ШЛАКБЕТ ПР;7
26428;КАМНИ СБОР БОРД;7
26429;КОЛОН КАМ ИСК;7
26430;КОЛОН КАМ ПРИР;7
26431;КСИЛОЛИТ;7
26432;КУБИКИ Д/МОСТОВ;7
26434;МАТЕР СТРОИТ ПР;7
26435;ПАМЯТ КАМ ПР ПР;7
26436;СКУЛЬПТУРЫ БЕТ;7
26438;ТРУБЫ АСБЦЕМ;7
26439;ТРУБЫ КАМ ИСК;7
26440;ФИБРОЛИТ;7
26441;ФИЛЬТРЫ КЕРАМ;7
26443;СМЕСИ СУХ МИНЕР;7
26445;СМЕСИ СХ СМЕШ В;7
26501;ТРУБЫ КЕРАМ ДР;7
26502;ТРУБЫ КЕРАМ КАН;7
26601;БРУСКИ АБРАЗИВ;7
26602;БРУСКИ ТОЧИЛ;7
26603;БРУСКИ ШЛИФОВАЛ;7
26604;БУМАГА НАЖДАЧ;7
26605;ЖЕРНОВА;7
26606;ГОЛОВКИ ШЛ АБР;7
26607;ИЗД АБРАЗИВ ПР;7
26608;ИЗД КАРБОРУН ПР;7
26609;ИНСТР АБРАЗ ПР;7
26610;КАМНИ ДЕФИБРЕР;7
26613;КРУГИ ШЛИФОВАЛ;7
26614;ПОРОШКИ Д/БУРЕН;7
26615;СЕГМЕНТЫ ШЛИФОВ;7
26701;БЛОКИ СТЕКЛЯН;10
26702;ЗЕРКАЛА;10
26703;КИРПИЧ СТЕКЛЯН;10
26704;КРОШКА СТЕКЛЯН;10
26705;ПЛИТЫ СТЕКЛЯН;10
26706;СМАЛЬТА;10
26707;СТЕКЛА АВТОМОБ;10
26708;СТЕКЛА ОПТ ЧАС;10
26709;"СТЕК ""ТРИПЛЕКС""";10
26710;СТЕКЛО Д/КРЫШ;10
26711;СТЕКЛО ЗЕРКАЛ;10
26712;СТЕКЛО ЛИСТ ПР;10
26713;СТЕКЛО МУССЕЛИН;10
26714;СТЕКЛО ТЕХ ПР;10
26715;ТРУБЫ СТЕКЛЯН;10
26716;МИКРОСФЕРЫ СТЕК;10
26801;БАЧКИ ПОЛУФАР;10
26802;БАЧКИ ФАЯНС;10
26803;ВАННЫ ФАЯНС;10
26804;ИЗД САНИТАР ПР;10
26805;РАКОВ ПОЛУФАФАР;10
26806;УМЫВАЛЬН ФАЯНС;10
26807;УНИТАЗ ПОЛУФАРФ;10
26808;УНИТАЗЫ ФАЯНС;10
27100;ШЛАКИ ГРАНУЛИР;7
28101;ЗАМАЗКА ЦЕМЕНТ;7
28102;КАЛЬМАТРОН;7
28103;П/ЦЕМЕНТ ДЕКОР;7
28104;П/ЦЕМЕНТ СТР;7
28108;ТЕРМОЦЕМЕНТ;7
28110;ЦЕМ МАРК ДО 400;7
28111;ЦЕМЕНТ ГИПСГЛИН;7
28112;ЦЕМЕНТ ГЛИНОЗЕМ;7
28113;ЦЕМЕНТ ТАМПОНАЖ;7
28114;ЦЕМЕНТ ПР;7
28117;СМЕСИ ОТВЕРЖ СО;7
29101;ДОЛОМИТ Д/СТЕК;10
29102;ДОЛОМИТ СЫР МЕТ;10
29103;ИЗВЕСТНЯК Д/ФЛ;10
29104;ДОБАВ.ПРОИЗ.ЦЕМ;10
29105;ФЛЮСЫ ПР;10
29203;МЕЛ Д/ФЛЮС;10
30101;ГЛИНА КИСЛОТ ПР;7
30102;ГЛИНЫ ТУГОПЛАВ;7
30105;КВАРЦИТЫ ПРОЧИЕ;7
30106;ЛОМ ОГНЕУП ИЗД;7
30107;МАГНЕЗИТ СЫР;7
30108;ОЛИВИНИТ;7
30109;ШАМОТ КУСКОВ;7
30201;КИРПИЧ ДИНАСОВ;7
30202;КИРПИЧ ШАМОТН;7
30203;КИРПИЧ КИСЛ ПР;7
30301;ДОЛОМИТ ОБОЖЖЕН;7
30303;ИЗДЕЛИЯ ГРАФИТО;7
30305;ИЗД ДИНАСОВ ПР;7
30306;ИЗД КИСЛОТУП ПР;7
30307;ИЗД КИСЛУП НЕМ;7
30308;ИЗД МАГНЕЗИТХР;7
30309;ИЗД МАГНЕЗИТ;7
30310;ИЗД ОГНУПОР КАР;7
30312;ИЗД ШАМОТ ПР;7
30313;КАМЕНЬ ШАМОТ;7
30314;ЛИТЬЕ ДИАБАЗ;7
30315;МЕРТЕЛИ;7
30316;МУЛЛИТ;7
30320;ПЛИТЫ ДИАБАЗ ОГ;7
30321;ПЛИТЫ МАГНЕЗИТ;7
30324;ПОРОШОК МАГНЕЗ;7
30325;ПОРОШОК ХРОМИТ;7
30326;ПОРОШОК ШАМОТ;7
30328;СОСТАВЫ ОГНЕУП;7
30329;СТЕКЛОБРУС ОГН;7
30330;СТЕРЖНИ СЕЛИТ;7
30332;ТЕРРАФАЗЕРИТ;7
30333;ТИГЛИ ГРАФИТ;7
30334;ТИГЛИ КЕРАМ;7
30335;ТИГЛИ ШАМОТ;7
30336;ЭЛЕКТРОДЫ СЕЛИТ;7
30337;ИЗД ОГН БЕТ КРЗ;7
30338;ИЗД ОГН БЕТ ШАМ;7
30401;АСБЕСТ АМФИБОЛО;7
30402;ВЕРМИКУЛИТ;7
30404;ГЛИМЕР;7
30405;КРОШКА СЛЮДЯН;7
30407;МИКАНИТ;7
30410;СЛЮДА ПР;7
30411;АСБЕСТ ХРИЗОТИЛ;7
31102;ЧУГУН ЛИТ ФОСФ;5
31103;ЧУГУН ЛИТ ПР;5
31104;ЧУГУН ПЕР ВЫСК;5
31106;ЧУГУН ПЕР РЯД;5
31108;ЧУГУН ПР;5
31201;БОЛВАНКИ СТ ЛИТ;5
31205;СЛИТКИ СТ ПР;5
31301;БИМЕТАЛЛ ОСН ЧМ;5
31302;КРЕМНИЙ КРИСТАЛ;5
31303;МАРГАНЕЦ МЕТАЛ;5
31304;СИЛИКОКАЛЬЦИЙ;5
31305;ФЕРРОСИЛИКОМАРГ;5
31306;СИЛИКОХРОМ;5
31307;ФЕРРОСИЛ 30-90;5
31308;ФЕРРОСПЛАВЫ ПР;5
31309;ХРОМ МЕТАЛ;5
31401;БЛЮМСЫ;5
31402;ЗАГОТ Д/ПЕР КАЧ;5
31403;ЗАГОТ Д/ПЕР РЯД;5
31404;ЗАГОТ ОСЕВ КУЗ;5
31405;ЗАГОТ СТ ПР;5
31406;ЗАГОТОВКА ТРУБ;5
31407;СЛЯБЫ;5
31501;МЕТАЛ ЧЕРН ПР;5
31502;ПОРОШОК ЖЕЛЕЗ;5
31601;БРИКЕТЫ СТ СТР;10
31602;БРИКЕТЫ ЧУГ СТР;10
31603;ЛОМ ОТХОД СТ Н;10
31604;ЛОМ ОТХОД ЧУГ Н;10
31605;ЛОМ СТ СБОР;10
31606;ЛОМ ЧЕРМЕТ Д/П;10
31607;ЛОМ ЧЕРМЕТ ПР;10
31608;ОБРЕЗЬ ЧЕРМЕТ П;10
31609;ОКАЛИНА ЧЕРМЕТ;10
31610;ПАКЕТЫ ЛЕГ СТ;10
31611;ПРИСАД ДОМЕН;10
31612;РЕЛЬСЫ-ЛОМ;10
31613;СТРУЖКА ДОМЕН;10
31614;СТРУЖКА СТ ВЬЮН;10
31615;СТРУЖКА ЧМЕТ ПР;10
32101;РЕЛЬСЫ НОВ Р-50;5
32102;РЕЛЬСЫ НОВ Р-65;5
32103;РЕЛЬСЫ НОВ Р-75;5
32104;РЕЛЬСЫ НОВ ПР;5
32105;РЕЛЬСЫ СТАР;5
32106;РЕШЕТКА ПУТЕВ;5
32201;ШВЕЛЛЕРЫ N10-12;5
32202;ШВЕЛЛЕРЫ N 14;5
32203;ШВЕЛЛЕРЫ N16-18;5
32204;ШВЕЛЛЕРЫ N20;5
32205;БАЛКИ СТ НЕС ПР;5
32208;ШВЕЛЛЕРЫ МЕТ ПР;5
32301;ЗМЕЕВИКИ СТ;5
32302;ТРУБЫ БЕСШОВ;5
32303;ТРУБЫ ВОДГАЗ ОЦ;5
32304;ТРУБЫ ВОДГАЗ ПР;5
32305;ТРУБЫ МЕТ ПР;5
32306;ТРУБЫ НЕРЖАВ;5
32307;ТРУБЫ СТ БОЛЬШ;5
32308;ТРУБЫ СТ НЕМЕТ;5
32309;ТРУБЫ ЧУГУН;5
32401;БАНДАЖИ ЧЕРМЕТ;5
32402;ЖЕСТЬ;5
32403;КАТАНКА СТ;5
32404;КОЛЕСА ВАГ НОВ;5
32405;ЛЕНТА СТ ГОРЯЧ;5
32406;ЛЕНТА СТ ХОЛОД;5
32407;МЕТАЛЛОПЛАСТ;5
32408;ПОЛОСА СТ ПР;5
32409;ПРОВОД МНОГЖ СТ;5
32410;ПРОВОЛОКА СТ;5
32411;ПРОК ЧЕРМЕТ ПР;5
32412;ПРОФИЛИ ГНУТ СТ;5
32413;ПРОФИЛИ СТ ФАС;5
32415;СТАЛЬ ЛИСТ КРОВ;5
32416;СТАЛЬ ЛИСТ ПР;5
32417;СТАЛЬ ЛИСТ ТРАН;5
32418;СТАЛЬ СОРТ;5
32419;СТАЛЬ ТОНКЛИСТ;5
32420;СТОЙКИ РУДН МЕТ;5
32421;ШАРЫ СТ ПОМОЛ;5
32422;ШПУНТЫ МЕТАЛ;5
32423;ШТРИПСЫ ЛИСТ;5
32424;ШТРИПСЫ СОРТ;5
33101;АЛЮМИНИЙ СПЛАВ;10
33102;АЛЮМИНИЙ ПОРОШ;10
33105;БИМЕТАЛЛ ОСН ЦВ;10
33106;БРОНЗА;10
33109;ВИСМУТ;10
33110;ВОЛЬФРАМ;10
33118;КАДМИЙ;10
33119;КОБАЛЬТ;10
33121;ЛАТУНЬ;10
33122;ЛИГАТУРА ЦВМЕТ;10
33123;ЛИТИЙ;10
33124;МАГНИЙ-ПОРОШОК;10
33125;МЕДЬ;10
33127;МЕТАЛЛЫ ДРАГ ПР;10
33129;МЕТАЛЛЫ ЦВЕТ ПР;10
33130;МОЛИБДЕН;10
33131;НИКЕЛЬ;10
33134;ОЛОВО;10
33136;ПОРОШКИ ЦМЕТ ПР;10
33137;ПОТАЛЬ;10
33138;ПРИПОИ;10
33140;СВИНЕЦ;10
33141;СЕЛЕН ТЕХН ПОР;10
33144;СПЛАВЫ Д/ПОДШИП;10
33146;СУРЬМА;10
33147;СПЛАВЫ ЦВМЕТ ПР;10
33149;ТЕЛЛУР;10
33152;ТИТАН ГУБЧАТ;10
33153;ТИТАНО-ВОЛЬФРАМ;10
33155;ЦИНК;10
33159;ЦИРКОНИЙ ПОР УВ;10
33201;КАТАНКА АЛ ЛАТ;10
33202;ПРОВОЛОКА ЦВМЕТ;10
33203;ПРОКАТ АЛЮМ ПР;10
33205;ПРОКАТ БРОНЗОВ;10
33207;ПРОКАТ ВОЛЬФРАМ;10
33211;ПРОКАТ ЛАТУН ПР;10
33214;ПРОКАТ МЕДН ПР;10
33215;ПРОКАТ МОЛИБДЕН;10
33216;ПРОКАТ НИКЕЛЕВ;10
33219;ПРОКАТ ТИТАН;10
33220;ПРОКАТ ЦВМЕТ ПР;10
33222;ПРОФИЛИ ЦВЕТМЕТ;10
33223;ПРУТКИ ЦВЕТМЕТ;10
33224;ФОЛЬГА;10
33302;ГЛЕТ АККУМ СВИН;10
33304;ОТХОДЫ ЦВМЕТ ПР;10
33305;ОБРЕЗКИ ЦВЕТМЕТ;10
33307;ОПИЛКИ ЦВЕТМЕТ;10
33308;СТРУЖКА ЦВЕТМЕТ;10
33309;ПЫЛЬ ЦИНКОВАЯ;10
34101;КЕКИ;7
34102;ОГАРКИ ЖЕЛРУД;7
34104;ОГАРКИ ЦВЕТРУД;7
34105;ШЛАКИ ВАНАДИЕВ;7
34108;ШЛАКИ МЕТ ПР;7
34109;ШЛАКИ ЦВЕТМЕТ;7
35101;ВАЛЬЦЫ МЕТАЛ;10
35102;КЕССОНЫ;10
35103;МАШИНЫ ЗЕМЛЕР;10
35104;ОБОР СТРОИТ ДОР;10
35105;МАШИНЫ ШВ БЫТ;10
35106;НАСОСЫ ПР;10
35107;ОБОР ДЕРЕВООБР;10
35108;ОБОР ГОРНОШАХТ;10
35109;ОБОР ВАЛЯЛ-ВОЙЛ;10
35110;ОБОР КАБЕЛ ПРОМ;10
35111;ОБОР ЛИТЕЙН;10
35112;ОБОР ПИЩПРОМ;10
35113;ОБОР ТОРГОВ ОБП;10
35114;ОБОР АСБЦЕМ ИЗД;10
35115;ОБОР ГИПСОВ ИЗД;10
35116;ОБОР ЖЕЛБЕТ КОН;10
35117;ОБОР КЕРАМИК;10
35118;ОБОР ПЛАСТМАС;10
35119;ОБОР СТРОЙМАТ;10
35120;ОБОР РЕЗИНТЕХН;10
35121;ОБОР СТЕКОЛЬН;10
35122;ОБОР ТЕКСТ-ГАЛ;10
35123;ОБОР ТЕКСТИЛ;10
35124;ОБОР ТРИКОТАЖ;10
35125;ОБОР ЦЕЛ-БУМАЖ;10
35126;ОБОР ЦЕМЕН ПРОМ;10
35127;ОБОР МЕТАЛЛУР;10
35128;ОБОР ШВЕЙН ПРОМ;10
35129;ОБОР ЭЛЕКТРОТЕХ;10
35130;ОБОР РАЗЛИЧ;10
35131;ОБОР КОЖЕВ-ОБУВ;10
35132;ОБОР КАМНЕДОБ;10
35133;ОБОР КРАСИЛЬН;10
35134;ОБОР КУЗН-ПРЕС;10
35135;ОБОР ПОДЪЕМ-ТР;10
35136;ОБОР ПОЖАР;10
35137;ОБОР ПОЛИГРАФ;10
35138;ОБОР ХОЛОДИЛЬН;10
35139;ОБОР ЭНЕРГЕТИЧ;10
35140;СТАНКИ МЕТАЛРЕЖ;10
35141;ДЕТАЛИ МАШИН;10
35142;ОГНЕТУШ ОДНОРАЗ;10
35143;ОГНЕТУШ УГЛЕКИС;10
35144;АГР Д/ПР КРОВЕЛ;10
36101;АВТОПОИЛКИ;10
36102;АГРЕГ ЭЛЕКСТРИГ;10
36103;БОРОЗДОДЕЛАТЕЛИ;10
36104;БОРОНЫ;10
36105;АСПИРАТОРЫ;10
36107;ВОДОРАЗДАТЧИКИ;10
36108;ВОЛОКУШИ ТРАКТ;10
36109;ГАЗОНОКОСИЛКИ;10
36110;ГРАБЛИ КОН ТРАК;10
36111;ЖАТКИ;10
36112;ЗАПАРНИКИ-СМЕС;10
36113;ЗЕРНОСУШИЛКИ;10
36114;ИЗМЕЛЬЧИТЕЛИ;10
36115;ИНКУБАТОРЫ;10
36116;КАРТОФЕЛЕКОПАЛК;10
36118;КАТКИ ЗЕМЛЕДЕЛ;10
36120;КОМБАЙНЫ С/Х;10
36122;КОРМОРАЗДАТЧИКИ;10
36123;КОСИЛКИ;10
36124;КОЧКОРЕЗЫ;10
36125;КУЛЬТИВАТОРЫ;10
36126;ЛЕМЕХИ;10
36127;ЛУЩИЛЬНИКИ;10
36129;КОРЧЕВАТЕЛИ;10
36130;МАШ Д/УДОБР ПР;10
36131;МАШИНЫ УБОР ПР;10
36132;МАШИНЫ ЗЕРНЧИС;10
36133;МАШИНЫ ЛЕСПОСАД;10
36135;МАШИНЫ С/Х ПР;10
36136;МАШИНЫ ДОЖДЕВ;10
36137;МОЛОТИЛКИ;10
36138;ОПРЫСКИВ РАСТЕН;10
36139;ОТВАЛЫ ПЛУЖ;10
36140;ПЛОДОСУШИЛКИ;10
36141;ПЛУГИ;10
36143;ПОЛОТНА КОМБАЙН;10
36144;ПРЕСС-ПОДБОРЩИК;10
36145;ПРЕССЫ ХЛОПЧАТ;10
36146;РАЗБР ЖИД УДОБР;10
36147;РАЗБР ОРГ УДОБР;10
36148;СЕНОКОСИЛКИ;10
36149;СЕПАРАТОРЫ;10
36150;СЕЯЛКИ;10
36152;СОЛОМОПОДЪЕМНИК;10
36153;СОРТИРОВКИ ЗЕРН;10
36155;ТРИЕРЫ;10
36156;УСТАНОВ ДОИЛЬН;10
36157;ЧАСТ МАШ С/Х ПР;10
36159;ЯЩИКИ ВЫСЕВН;10
36201;БОРТА ТРАКТОР;10
36202;ОСИ ТРАКТОР;10
36203;ПРИЦЕПЫ ТРАКТОР;10
36204;РАДИАТОРЫ ТРАКТ;10
36205;ТРАКТОРЫ;10
36206;ТЯГАЧИ ТРАКТОРН;10
36207;З/Ч ТРАКТОРОВ;10
36208;З/Ч ТРАКТОР ПР;10
37101;БАЛКИ СТАЛЬН;10
37103;КАРКАСЫ ЧЕРМЕТ;10
37105;КОНСТРУК МЕТ ПР;10
37106;МАЧТЫ МЕТАЛ;10
37107;СВАИ МЕТАЛ;10
37108;СВЕТОФОРЫ;10
37109;СЕМАФОРЫ;10
37110;ФЕРМЫ ПОКРЫТИЙ;10
37111;ФЕРМЫ МЕТАЛ ПР;10
37112;МЕТАЛ РАМЫ С ДЕ;10
37113;ПАНЕЛИ МЕТАЛ С;10
38101;АВТОБЕНЗОЗАПРАВ;10
38102;АВТОБУСЫ;10
38103;АВТОДЕЗОУСТАНОВ;10
38105;АВТОМ АССЕНИЗАЦ;10
38106;АВТОМ ГРУЗ РЕМ;10
38107;АВТОМ ГРУЗ ПР;10
38108;АВТОМОБИЛИ ЛЕГК;10
38109;АВТОМОБ СПЕЦ;10
38110;АВТОМОБИЛИ СПЕЦ;10
38112;АВТОСИДЕНИЯ;10
38113;АВТОТЯГАЧИ;10
38114;АВТОФУРГОНЫ;10
38115;АВТОЦЕМЕНТОВОЗЫ;10
38116;АВТОЦИСТЕРНЫ;10
38117;КАБИНЫ АВТОМ;10
38118;КОЛЕСА АВТОМ;10
38119;КУЗОВА АВТОБУС;10
38120;КУЗОВА АВТОМ;10
38121;НАСОСЫ АВТОМ;10
38122;ПОЛУПРИЦЕПЫ АВТ;10
38123;ПРИЦЕПЫ АВТОМ;10
38124;РАДИАТОРЫ АВТОМ;10
38125;РЕССОРЫ АВТОМ;10
38126;САМОСВАЛЫ;10
38127;ТРЕЙЛЕРЫ;10
38128;АВТОФАРЫ;10
38129;З/Ч АВТОМОБ;10
38130;ШАССИ АВТОМ АВТ;10
38131;ПРИЦЕПЫ С ОБОРУ;10
39102;АВТОКАРЫ;10
39103;АВТОМОТРИС НЕСВ;10
39104;АЭРОПЫЛИТЕЛИ;10
39105;АЭРОСТАТЫ;10
39106;ВАГОНЕТКИ-ПЛАТФ;10
39107;ВАГОНЫ-ДОМА ПЕР;10
39108;ВАГОНЫ Ж/Д НЕСВ;10
39109;ВЕЛОКОЛЯСКИ ИНВ;10
39110;ВЕЛОСИПЕДЫ КР Д;10
39111;ВЕРТОЛЕТЫ;10
39112;ДРЕЗИНЫ НЕСВ;10
39113;КАТЕРА;10
39114;КОЛЯСКИ КР ДЕТ;10
39115;КОНТ УН НОВЫЕ;11
39116;КОРПУСА СУДОВ;10
39117;КУЗОВА ВАГОН;10
39118;ЛОКОМ НЕСВ ПР;10
39119;ЛОДКИ;10
39120;МОТОВОЗЫ НЕСВ;10
39121;МОТОРОЛЛЕРЫ;10
39122;МОТОЦИКЛЫ;10
39123;НАСОСЫ ВЕЛОСИП;10
39124;ПАРОВОЗЫ НЕСВ;10
39126;ПОВОЗКИ КР ДЕР;10
39127;ПОНТОНЫ;10
39128;САМОЛЕТЫ;10
39129;СНЕГООЧИСТ НЕСВ;10
39130;СРЕДСТВА ТР ПР;10
39131;СУДА ПР;10
39132;ТАЧКИ;10
39133;ТЕЛЕЖКИ ВАГ;10
39134;ТЕЛЕЖКИ Д/РУЧН;10
39135;ТЕЛЕЖКИ Д/ИЗЛОЖ;10
39137;ТЕПЛОВОЗЫ НЕСВ;10
39139;ЦЕПИ ВЕЛОСИПЕД;10
39140;З/Ч К САМОЛЕТАМ;10
39141;З\Ч К МОТОЦИКЛ;10
39142;З/Ч ТРАНСПОР ПР;10
39144;ЭЛЕКТРОКАРЫ;10
39146;КОНТЕЙН СП ПРИВ;11
39147;КОНТЕЙН УН ИП Р;11
39148;КОНТЕЙН УН ИП Р;11
39149;КОНТ УН ПРИВ;11
39150;ТРАМВАИ;10
39151;Д-ГЕН КОНТЕЙНЕР;10
40101;ОБОРУД КИНЕМАТ;10
40102;АППАР РАЗЛ НАЗН;10
40103;ИНСТРУМЕНТЫ МЕД;10
40104;МАШИНЫ ВЫЧИСЛИТ;10
40105;ПРИБОР АВТ КОНТ;10
40106;ПРИБОРЫ МЕДИЦ;10
40107;ПРИБОРЫ ОПТИЧ;10
40108;ПРИБОРЫ РЕГУЛ;10
40109;ПРИБ ЭЛЕКТРОИЗМ;10
40110;СВЕТИЛЬНИК КР Э;10
40111;СРЕДСТ РАДИОЛОК;10
40112;СРЕДСТ РАДИОНАВ;10
40201;АППАР ТЕЛЕГРАФ;10
40202;АППАР ЭЛЕКТРОАК;10
40203;ГРОМКОГОВОРИТ;10
40204;КАНАТИК АНТЕН;10
40205;КИНЕСКОПЫ;10
40206;МАГНИТОЛЫ;10
40207;МАГНИТОФОНЫ;10
40208;РАДИОАППАРАТУРА;10
40209;РАДИОДЕТАЛИ;10
40210;ПРОД РАДИОПР ПР;10
40211;РАДИОЛАМПЫ;10
40212;РАДИОЛЫ;10
40213;РАДИОПЕЛЕНГАТ;10
40214;РАДИОПРИЕМНИКИ;10
40215;РАДИОСТАНЦИИ;10
40216;ТЕЛЕВИЗОРЫ;10
40217;РАДИОПРИЕМ ПР;10
40302;ЛАМПЫ ЭЛЕКТ ПР;10
40303;ПАТРОНЫ Д/ЛАМП;10
40304;ФОНАРИ ЭЛ КАРМ;10
40305;ФОНАРИ ЭЛЕКТ ПР;10
40401;БРА;10
40402;ВЕНТИЛЯТОРЫ ЭЛБ;10
40403;ЗВОНКИ ЭЛБЫТ;10
40404;ИЗД ЭЛБЫТ ПР;10
40405;КАЛОРИФЕР ЭЛБЫТ;10
40406;КИПЯТИЛЬН ЭЛБЫТ;10
40407;КОНДИЦИОН ЭЛБЫТ;10
40408;ЛАМПЫ НАС ЭЛБЫТ;10
40409;ЛЮСТРЫ;10
40410;МАШИНЫ СТИР БЫТ;10
40411;МАШИНЫ ЭЛБЫТ ПР;10
40412;ПЛИТЫ ЭЛБЫТ;10
40413;ПОЛОТЕРЫ ЭЛБЫТ;10
40414;ПЫЛЕСОСЫ ЭЛБЫТ;10
40415;РАДИАТОРЫ ЭЛБЫТ;10
40416;РЕФЛЕКТОР ЭЛБЫТ;10
40418;СВЕТИЛЬН ЭЛБЫТ;10
40419;ТОРШЕРЫ ЭЛБЫТ;10
40420;УТЮГИ ЭЛЕКТР;10
40421;ХОЛОДИЛЬН ЭЛБЫТ;10
40422;ЧАЙНИКИ ЭЛЕКТ;10
40423;З/Ч К ЭЛБЫТ МАШ;10
40424;ЭЛПРИБ ОТОП ПР;10
40425;ЭЛПРИБ НАГР ПР;10
40501;ВЕСЫ КР АНАЛИТ;10
40502;ГИРИ КР АНАЛИТ;10
40503;З/Ч ВЕСОВ КР АН;10
41101;АРМАТУРА ГАЗОВ;10
41102;АРМАТУРА КОТЛОВ;10
41103;БАГРЫ СТАЛЬН;10
41104;БАРАБАНЫ ЧЕРМЕТ;10
41105;БАТАРЕИ ЧЕРМЕТ;10
41106;БЛОКИ ЧЕРМЕТ;10
41107;БОЛВАНКИ ЧЕРМЕТ;10
41108;ВАННЫ ЧЕРМЕТ;10
41109;ВЕНТИЛИ ЧЕРМЕТ;10
41110;ВЕРЕТЕНА ЧЕРМЕТ;10
41111;ГИЛЬЗЫ ЧЕРМЕТ;10
41112;ДВЕРЦЫ ПЕЧ ЧМЕТ;10
41113;ДРОБЬ ЧУГ СТ;10
41114;ЖЕЛОБА ЧЕРМЕТ;10
41115;ИЗД ЧЕРМЕТ ПР;10
41116;ИЗД ПРОВОЛ ЧМЕТ;10
41117;ИЗЛОЖНИЦЫ;10
41118;ИНВЕНТ С/Х ПР;10
41119;ИНСТРУМ ДЕР МЕТ;10
41120;ИНСТРУМ ИЗМ МЕТ;10
41121;ИНСТРУМ МЕТ РАЗ;10
41122;ИНСТРУМ СТР МЕТ;10
41123;КАНАТЫ СТ;10
41124;КАПКАНЫ МЕТАЛ;10
41125;КОЖУХИ ЧЕРМЕТ;10
41126;КОЛЕС ЧЕРМЕТ ПР;10
41127;КОЛЕСА МАШИН;10
41128;КОЛОННЫ МЕТАЛ;10
41129;КОЛОСНИКИ;10
41130;КОЛЬЦА ЧЕРМЕТ;10
41131;КРЫШКИ ЧУГУН;10
41132;КРЮЧКИ ДВ ОК;10
41133;ЛЕСА ТРУБЧ МЕТ;10
41134;ЛИТЬЕ СТ ЧУГ ПР;10
41135;ЛЮКИ ЧЕРМЕТ;10
41136;НАКОВАЛЬНИ;10
41137;ОСИ КР ВАГ ЛОК;10
41138;ПЕРЕМЫЧКИ МЕТ;10
41139;ПЛИТЫ ЧУГУН;10
41140;ПОДДОНЫ Д/ИЗЛОЖ;10
41143;ПРОБКИ ЧЕРМЕТ;10
41144;ПРОТИВОВЕС ЧМЕТ;10
41145;РАДИАТОРЫ ЧУГ;10
41146;РАКОВИНЫ ЧЕРМЕТ;10
41147;РЕЙКИ ЧЕРМЕТ;10
41148;РЕССОРЫ СТ КР В;10
41149;РЕШЕТА ЧЕРМЕТ;10
41150;РЕШЕТКИ ЧЕРМЕТ;10
41151;РЕШТАКИ;10
41152;СЕТКИ ЧЕРМЕТ;10
41153;СИФОНЫ ЧЕРМЕТ;10
41154;ТАКЕЛАЖ ПРОВОЛ;10
41155;ТКАНИ ПРОВОЛ;10
41156;ТЮБИНГИ;10
41157;УНИТАЗЫ ЧУГУН;10
41158;ФИТИНГИ ЧЕРМЕТ;10
41159;ФРЕЗЫ;10
41160;ЧЕРЕПИЦА КРОВ;10
41162;ШПИЛИ ЧЕРМЕТ;10
41163;ШПИНГАЛЕТЫ МЕТ;10
41164;ШПИНДЕЛИ ЧЕРМЕТ;10
41165;ШПЛИНТЫ ЧЕРМЕТ;10
41166;ШТАНГЕНЦИРКУЛИ;10
41167;ЭЛЕКТРОДЫ ЧМЕТ;10
41168;ЯКОРЯ;10
41169;БАЧКИ СМЫВН ЧУГ;10
41170;МОЙКИ СТ;10
41171;МОЙКИ ЧУГУН;10
41201;БАКИ МЕТ;10
41202;БАЛЛОНЫ СТ;10
41203;БАНКИ КОНСЕР Н;10
41204;БИДОНЫ МЕТАЛ;10
41205;БОЧКИ МЕТ;10
41206;БУНКЕРА МЕТ;10
41207;ВЕДРА МЕТ;10
41208;ГАЗГОЛЬДЕРЫ;10
41209;КОВШИ КР ЛИТЕЙН;10
41210;КОТЛЫ МЕТ ОТК;10
41212;РЕЗЕРВУАРЫ МЕТ;10
41214;ТАНКИ МЕТ;10
41215;ТАРА МЕТ ПР;10
41216;ЧАНЫ МЕТ;10
41218;ФЛЯГИ МЕТ ПР;10
41219;ЯЩИКИ МЕТ;10
41220;ЕМКОСТИ-СИЛОСЫ;10
41301;КРОВАТИ МЕТ;10
41302;МЕБЕЛЬ МЕТ ПР;10
41303;СЕТКИ КРОВ МЕТ;10
41401;АВТОСЦЕПКИ;10
41402;БАШМАКИ ТОРМ СТ;10
41403;БЛОКИ СТРЕЛОЧ;10
41404;БУКСЫ;10
41405;ВАГОНОТОЛКАТ СТ;10
41406;ДИСКИ СИГН МЕТ;10
41407;КОЛОДКИ ТОРМ;10
41408;КОСТЫЛИ МЕТ;10
41409;НАКЛАДКИ РЕЛЬС;10
41410;ОБОРУД ТОРМ;10
41411;КОЛЕС ПАРЫ;10
41412;ПЕРЕВОДЫ СТРЕЛ;10
41413;ПЕРЕСЕЧЕНИЯ ГЛ;10
41414;ПРОТИВОУГОНЫ;10
41415;РЕССОРЫ СТ;10
41416;ЧАСТИ ЖД ПУТ ПР;10
41417;З/Ч ЖД ТРАНСПОР;10
41418;ЭЛЕМЕНТЫ КОЛЕС;10
41501;ВЫВЕСКИ МЕТАЛ;10
41502;ДВЕРИ МЕТАЛ;10
41503;ДОСКИ СТИРАЛЬН;10
41504;ЗАМКИ МЕТ;10
41505;ИЗД МЕТАЛ ПР;10
41506;КЕРОГАЗЫ;10
41507;КОРЗИНЫ МЕТ;10
41508;КОРЫТА ЖЕЛЕЗ;10
41509;ЛАМПЫ ПАЯЛЬН;10
41510;ЛЕЙКИ МЕТАЛ;10
41511;ЛЕСТНИЦЫ МЕТАЛ;10
41512;ЛОЖКИ МЕТАЛ;10
41513;МЕЛЬНИЦЫ КОФЕЙН;10
41514;МЯСОРУБКИ РУЧ;10
41516;ПЕЧИ МЕТАЛ;10
41517;ПЛОМБЫ МЕТАЛ;10
41519;ПОДНОСЫ МЕТАЛ;10
41520;ПОСУДА МЕТАЛ;10
41521;ПРИМУСЫ;10
41522;РУКОМОЙНИКИ МЕТ;10
41523;САМОВАРЫ КР ЭЛ;10
41524;СЕЙФЫ МЕТАЛ;10
41525;СКОВОРОДЫ МЕТ;10
41526;СТУПКИ МЕТАЛ;10
41527;ТАЗЫ МЕТАЛ;10
41528;ТЕРКИ МЕТАЛ;10
41529;УТЮГИ КР ЭЛ;10
41530;ФОНАРИ КЕРОСИН;10
41531;ЧАЙНИКИ МЕТАЛ;10
41532;ШКАФЫ МЕТАЛ;10
41533;ШТАТИВЫ МЕТАЛ;10
41534;ЩЕТКИ МЕТАЛ;10
41601;АРМАТУРА КОТЛ;10
41602;БЛОКИ ЦВЕТМЕТ;10
41603;БОЛТЫ ЦВЕТМЕТ;10
41604;ВАЛЫ ЦВЕТМЕТ;10
41605;ВАННЫ ЦВЕТМЕТ;10
41606;ВЕНТИЛИ ЦВЕТМЕТ;10
41607;ВИНТЫ ЦВЕТМЕТ;10
41608;ВТУЛКИ ЦВЕТМЕТ;10
41609;ГАЙКИ ЦВЕТМЕТ;10
41610;ГВОЗДИ ЦВЕТМЕТ;10
41611;ГИЛЬЗЫ ЦВЕТМЕТ;10
41612;ДРОБЬ СВИНЦОВ;10
41613;ИЗД ЦВЕТМЕТ ПР;10
41614;ИЗД ПРОВОЛ ЦМЕТ;10
41615;КЛИШЕ;10
41617;КРАНЫ ЦВЕТМЕТ;10
41618;КРОНШТЕЙНЫ ЦМЕТ;10
41619;ПЕТЛИ ЦВЕТМЕТ;10
41620;ПОДШИПНИКИ ЦМЕТ;10
41621;ПРУЖИНЫ ЦВЕТМЕТ;10
41622;РАДИАТОРЫ ЦВМЕТ;10
41623;РАМЫ ЦВЕТМЕТ;10
41624;СЕТКИ ЦВЕТМЕТ;10
41625;СКОБЫ ЦВЕТМЕТ;10
41626;СПИРАЛИ Д/ЭЛЕКТ;10
41627;ТКАНИ ПРОВ ЦМЕТ;10
41628;ТРУБКИ ЦВЕТМЕТ;10
41629;ТРУБЫ ЦВЕТМЕТ;10
41630;ЦЕПИ ЦВЕТМЕТ;10
41631;ЦИНК ГОФРИРОВ;10
41633;ШТИФТЫ ЦВЕТМЕТ;10
41634;ШУРУПЫ ЦВЕТМЕТ;10
41635;ЭЛЕКТРОДЫ ЦВМЕТ;10
41701;КАБЕЛИ;10
41702;ПРОВОДА БИМЕТАЛ;10
41703;ПРОВОДА ЦМЕТ ОБ;10
41704;ПРОВОДА ПР;10
41705;ШНУРЫ ОСВЕТИТ;10
41706;ШНУРЫ ТЕЛЕФОН;10
41801;ЛОЖКИ АЛЮМ;10
41802;ПОСУДА АЛЮМ ПР;10
41803;СКОВОРОДЫ АЛЮМ;10
42101;АВТОДРЕЗИНЫ СВ;11
42102;АВТОМОТРИСЫ СВ;11
42103;ВАГОНЫ ЖД СВ;11
42105;ДРЕЗИНЫ СВ;11
42106;КРАНЫ КОНС СВ;11
42107;КРАНЫ УКЛАД СВ;11
42108;МАШИН ПУТ СВ ПР;11
42109;МАШИНЫ ШПАЛПОДБ;11
42111;ПУТЕУКЛАДЧИК СВ;11
42112;СНЕГООЧИСТИТ СВ;11
42113;СТРУГИ ПУТ СВ;11
42114;ТЕНДЕРЫ СВ;11
42115;ЭЛЕКТРОБАЛ ПР;11
42116;ВАГОН ДЛЯ ПРОВО;11
42117;ВАГОН ДЛЯ МЕТРО;11
42118;ВАГОН ПАССАЖ, Э;11
42119;ВАГОНЫ ЖД РЕМОН;11
42120;ВАГОНЫ ЖД ОЧИСТ;11
42121;ВАГОНЫ ЖД ПРИКР;11
42122;ВАГОНЫ ЖД НОВ З;11
42123;ВАГОНЫ ЖД В МЕТ;11
42124;ВАГОНЫ ЖД НА ПР;11
42201;ЛОКОМОТИВ СВ ПР;11
42202;МОТОВОЗЫ ПР;11
42203;ПАРОВОЗЫ ПР;11
42204;ТЕПЛОВОЗЫ ПР;11
42205;ЭЛЕКТРОВОЗЫ ПР;11
42206;ЛОКОМОТИВ СВ БР;11
42301;КРАНЫ ГРУЗОП СВ;11
42302;ОБОРУД ПЕРЕДВ;11
42303;ЭЛЕКТРОСТАНЦ СВ;11
43101;АПАТИТЫ ПР;8
43103;КОНЦЕНТРАТ АПАТ;8
43106;РУДА ФОСФОРИТ;8
43107;ФОСФОРИТЫ;8
43108;КОНЦЕНТ СИЛЬВИН;8
43200;АММИАК ВОДНЫЙ;8
43201;АММИАК-РАС10-35;8
43301;АЗОТОБАКТЕРИН;8
43302;АММОНИЯ СУЛЬФАТ;8
43304;КАРБАМИД;8
43307;СЕЛИТРА АММИАЧ;8
43309;СЕЛИТРА КАЛИЕВ;8
43310;СЕЛИТРА КАЛЬЦ;8
43311;СЕЛИТРА НАТРИЕВ;8
43315;УДОБР АЗОТ ЖИД;8
43316;КЦС-АМ;8
43317;УДОБР АЗОТ ПР;8
43319;УДОБР АММ-АЗОТФ;8
43321;УДОБР АММ-НИТР;8
43323;УДОБР АММ-СУЛЬФ;8
43324;УДОБ ЖИД N23-30;8
43325;СРЕДСТВО AUS 32;8
43401;КАИНИТ;8
43402;КАЛИЙ СЕРНОКИСЛ;8
43403;КАЛИЯ ХЛОРИД;8
43404;КАЛИМАГНЕЗИЯ;8
43405;КАРНАЛЛИТ;8
43409;УДОБР КАЛИЙН ПР;8
43410;КАЛИЙ ХЛОР ЭЛЕК;8
43501;МУКА ФОСФОРИТН;8
43502;ПРЕЦИПИТАТ;8
43505;СУПЕРФОСФАТ П;8
43506;ТРИКАЛЬЦИЙФОСФ;8
43507;УДОБР ФОСФАТ ПР;8
43508;ФОСФОГИПС;8
43601;АЗОФОСФАТ;8
43602;АММОФОС;8
43604;ДИАММОФОС;8
43605;ДИАММОФОСКА;8
43609;МОНОКАЛЬЦИЙФОСФ;8
43612;НИТРОАММОФОСКА;8
43619;УДОБР ХИМ ПР;8
43621;"УДОБР ""ЖКУ""";8
44102;АКРИХИН;10
44103;АЛКАЛОИДЫ ПР;10
44104;АНТИБИОТИКИ ПР;10
44106;АПТЕЧКИ;10
44107;БАЦИЛИХИН Д/ЖИВ;10
44108;БИНТЫ МАРЛЕВ;10
44109;БРОМОФОРМ;10
44110;БУТАДИОН;10
44111;ВАЗЕЛИН МЕД;10
44112;ВАТА МЕД;10
44113;ВИТАМИНЫ;10
44114;ГЕМАТОГЕН;10
44116;ГЛИКОЗИДЫ;10
44117;ГЛИЦЕРИН ДУШИСТ;10
44118;ГРЯЗИ МИНЕРАЛ;10
44119;ДРОЖЖИ ПИВ МЕД;10
44120;ИЗД ХИМ-ПАРФ ПР;10
44121;ИЗД МАРЛИ ВАТЫ;10
44123;КАМФАРА МЕД;10
44127;КОФЕИН;10
44129;ЛАНОЛИН ОЧИЩЕН;10
44130;ЛЕЙКОПЛАСТЫРЬ;10
44134;МАГНЕЗИЯ СЕРКИС;10
44135;МАЗИ ЛЕЧЕБ ПР;10
44136;МАРЛЯ МЕД;10
44137;МАСЛА ЛЕКАР ПР;10
44139;МАСЛО ВАЗЕЛ МЕД;10
44140;МЕДИКАМЕНТЫ ПР;10
44142;ПАРАФИН МЕД;10
44144;ПРЕПАРАТЫ ФЕРМ;10
44146;САХАРИН;10
44147;СОСТАВЫ Д/УГЛ В;10
44148;СПИРТ НАШАТЫР;10
44149;СРЕДСТВА ЛЕК ПР;10
44151;СУЛЬФАМИДЫ;10
44152;СЫВОРОТКИ ЛЕЧ;10
44153;ТАНИН;10
44155;ЭКСТРАКТЫ ЛЕК;10
44201;АМБРА;10
44202;ВОДЫ ПАРФЮМ,ТУА;10
44204;КРЕМ-ПУДРЫ;10
44205;МАСЛО ПАРФЮМ;10
44206;МАСЛА ЭФИР ПР;10
44209;ОТРУБИ МИНДАЛЬН;10
44210;ПАСТА ЗУБ;10
44211;ПОМАДА ГУБ;10
44212;ПОРОШОК ЗУБ;10
44213;ПРОД ПАРФ-К ПР;10
44214;ШАМПУНИ;10
44215;ЭЛЕКСИРЫ ЗУБ;10
44216;ЭССЕНЦИИ АРОМАТ;10
44217;ПАРФ ПРОД ЛЕГВ;10
44218;ПРОДУКЦИЯ КОСМЕ;10
44301;МЫЛО ТЕХН ЖИДК;10
44302;МЫЛО ТУАЛЕТ ЖИД;10
44303;МЫЛО ТУАЛЕТ ТВ;10
44304;МЫЛО ХОЗ ЖИД;10
44305;МЫЛО ХОЗ ТВ;10
44306;СТРУЖКА СТИР;10
45101;БАЛАТА;10
45102;ГУТТАПЕРЧА;10
45103;КАУЧУК В РАСТВ;10
45104;КАУЧУК НАТУР;10
45105;КАУЧУК СИНТ ПИП;10
45106;КАУЧУК СИНТ ПР;10
45107;ЛАТЕКС-НАИРИТ;10
45108;ЛАТЕКСЫ 61-91;10
45201;АВТОКАМЕРЫ НОВ;10
45202;АВТОПОКРЫШК НОВ;10
45203;БАКИ ЭБОНИТ;10
45204;ВЕЛОКАМЕРЫ НОВ;10
45205;ВЕЛОПОКРЫШК НОВ;10
45206;ГУММИЭЛАСТИК;10
45207;ИЗД ГУБЧАТ ЛАТ;10
45208;ИЗД ГУТТАПЕР ПР;10
45209;ИЗД КАУЧ НОВ ПР;10
45210;ИЗД РЕЗТЕХ ПР;10
45211;ИЗД ЭБОНИТ ПР;10
45212;КОЛЬЦА РЕЗИН;10
45213;ЛЕНТА РЕЗИН;10
45214;МАТРАЦЫ РЕЗИН;10
45215;МАТЫ РЕЗИН;10
45216;МЕШКИ РЕЗИН;10
45217;МОНОБЛОК ЭБОНИТ;10
45218;ПЕРЧАТКИ РЕЗИН;10
45219;ПЛАСТИНЫ РЕЗИН;10
45220;ПЛАСТИНЫ ПЕНРЕЗ;10
45221;ПОДОШВЫ РЕЗИН;10
45222;ПОДУШКИ РЕЗИН;10
45223;ПОДШИПНИК РЕЗИН;10
45224;ПОКРЫШКИ РЕЗИН;10
45225;ПОРОИЗОЛ;10
45226;ПРОБКИ РЕЗИН ЭБ;10
45227;ПРОД ШИН НОВ ПР;10
45229;РЕЗИНА ВС;10
45230;РУКАВА РЕЗИН;10
45231;ТАРА ЭБОНИТ ПР;10
45232;ТРУБКИ РЕЗИН ПР;10
45233;ШИНЫ РЕЗИН НОВ;10
45234;ШЛАНГИ РЕЗИН;10
45235;ЭБОНИТ;10
45301;АВТОКАМЕРЫ Б\У;10
45302;АВТОПОКРЫШК Б/У;10
45303;ВЕЛОКАМЕРЫ Б\У;10
45305;ПОКРЫШКИ Б\У;10
45306;ПРОД ШИН Б\У;10
45401;УГЛЕРОД ТЕХ;10
46101;АКРИЛНИТРИЛСТИР;10
46102;АМИНОПЛАСТЫ;10
46103;АСБОПЕКОЛИТ;10
46104;АСБОТЕКСТОЛИТ;10
46105;БАКЕЛИТ;10
46106;ВИНИПЛАСТ ЛИСТ;10
46107;ВОЛОКНИТ;10
46108;ГАЛАЛИТ;10
46110;ГИПАН;10
46111;ЖИД КРЕМНИЙОРГ;10
46114;КАРБОКСИМЕТИЛЦ;10
46115;КАРБОЛИТ;10
46117;КОПАЛЫ СИНТ;10
46118;КРОШКА КАРБОЛИТ;10
46119;МАССА АСБОВИНИЛ;10
46120;ПЛАСТМАССЫ ПР;10
46127;ПЛАСТИКАТЫ;10
46128;ЗАГУСТИТЕЛЬ АКР;10
46129;ПЕНОПЛАСТЫ;10
46130;ПЕНОПОЛИУРЕТАНЫ;10
46131;ПЛАСТИК БУМСЛ;10
46132;ПОЛИАКРИЛАМИДЫ;10
46133;ПОЛИВИНИЛАЦЕТАТ;10
46134;ПОЛИВИНИЛБУТИР;10
46135;ПОЛИВИНИЛХЛОРИД;10
46136;ПОЛИПРОПИЛЕН;10
46137;ПОЛИСТИРОЛ;10
46138;ПОЛИЭТИЛЕН;10
46139;ПОЛИЭФИР ТГМ-3;10
46140;ПРЕСС-ПОРОШ ПР;10
46141;ПР ПОЛИМЕРЫ;10
46142;СИЛИКОНЫ;10
46143;СМОЛА ПОЛИАМИД;10
46144;СМОЛА ФЕНОЛОФОР;10
46145;СМОЛЫ АКРИЛОВ;10
46146;СМОЛЫ АЛКИДН-АК;10
46147;СМОЛЫ АЛКИДН;10
46148;СМОЛЫ ИОНООБМЕН;10
46149;СМОЛЫ КАРБАМИДФ;10
46150;СМОЛЫ МЕЛАМИНОФ;10
46152;СМОЛЫ МОЧЕВИНОФ;10
46153;СМОЛЫ КАРБОМИДФ;10
46154;СМОЛЫ СИНТ ПР;10
46155;СМОЛЫ ФЕНОЛОФ Р;10
46156;СМОЛЫ ФЕНОЛОФ В;10
46159;СМОЛЫ ФЕНОЛОФУР;10
46160;СМОЛЫ ФОРМАЛЬД;10
46161;СОПОЛИМЕР 5Б;10
46162;СОПОЛИМ БМС-80;10
46163;СОПОЛИМЕР ВБМ;10
46164;СОПОЛИМЕРЫ ВИН;10
46165;СОПОЛИМЕРЫ ПРОП;10
46166;СТЕКЛОПЛАСТИК Л;10
46167;СТЕКЛОТЕКСТОЛИТ;10
46168;ТЕКСТОЛИТ;10
46171;ФТОРОПЛАСТЫ;10
46172;ЦЕЛЛОН;10
46173;ЦЕЛЛОФАН;10
46175;ЭМУЛЬСИИ АКР ПР;10
46176;ЭМУЛЬСИЯ ПОЛИВ;10
46177;ЭТРОЛ НИТРОЦЕЛ;10
46178;ПОЛИДИЕН;10
46180;СТАКРИЛЛАТ-1;10
46181;КОМПОЗ П-МЕРН С;10
46201;БАКИ КАРБОЛИТ;10
46202;ВАННЫ ФАОЛИТ;10
46203;ВТУЛКИ ТЕКСТОЛ;10
46204;ИЗД БАКЕЛИТОВЫЕ;10
46205;ИЗД ГАЛАЛИТОВЫЕ;10
46206;ИЗД ВИНИПЛАСТА;10
46207;ИЗД ОРГ СТЕКЛА;10
46208;ИЗД ПЛАСТ ПОЛИХ;10
46209;ИЗД ПЛАСТМАС ПР;10
46210;ИЗД ФЕНОПЛАСТА;10
46211;ИЗД ПОРОЛОНОВЫЕ;10
46212;ИЗД ТЕКСТОЛ ПР;10
46213;ИЗД ФАОЛИТОВЫЕ;10
46214;ИЗД ЦЕЛЛУЛОИДА;10
46215;КАНИСТРЫ ПОЛИЭТ;10
46216;КИНОПЛЕН НИТРОЦ;10
46217;КИНОПЛЕНКИ;10
46219;ЛЕНТЫ МАГНИТ;10
46220;ПЕРФОЛЬ;10
46221;ПЛЕНКА АНТИКОР;10
46222;ПЛЕНКА КИНЕМ Б;10
46223;ПЛЕНКА ПОЛИХ ПР;10
46224;ПЛЕНКА РЕНТГЕН;10
46225;ПЛЕНКА ЦЕЛЛОФАН;10
46226;ПЛИТКИ ПЛАСТМАС;10
46227;ПОДОШВЫ ПОЛИУР;10
46228;ПОРОЛОН;10
46229;ТРУБЫ СИНТ МАТ;10
46230;ФОТОБУМАГА;10
46231;ФОТОПЛЕНКА НИТР;10
46232;ФОТОПЛЕНКИ;10
46233;ЯЩИКИ ПОЛИЭТИЛ;10
46301;АНИД;10
46302;ВОЛОКН ИСКУС ПР;10
46303;КАПРОН;10
46304;ЛАВСАН;10
46305;НИТИ ИСКУС;10
46306;НИТРОН;10
46307;ХЛОРИН;10
46308;ШТАПЕЛЬ;10
46309;ФИЛЬТРЫ АЦЕТАТ;10
46401;БАЛЬЗАМ ПИХТ;10
46402;БУСТИЛАТ;10
46405;ЖЕЛАТИН ТЕХ;10
46406;КАЗЕИН ПИЩ ТЕХ;10
46407;КЛЕИ ЛЕГКОВОСП;10
46408;КЛЕЙ КАЗЕИН;10
46409;КЛЕЙ КАНИФОЛЬН;10
46411;КЛЕЙ РЕЗИН;10
46412;КЛЕЙ СИНТ;10
46413;КЛЕЙ СТОЛЯР;10
46414;КЛЕЙ ПР;10
46416;УГОЛЬ КОСТЯН;10
46501;БЛАК;10
46503;ВАР ПРОСТИЛОЧ;10
46504;ВОСК ХВОЙН;10
46506;ГУММИ  ПР;10
46507;ГУММИЛАК;10
46512;СМОЛА ДРЕВЕС;10
46513;СМОЛЫ ПРИРОД ПР;10
46601;БАКАН;10
46602;БЕЛИЛА ПР;10
46603;ДВУОКИСЬ ТИТАНА;10
46610;ИНДИГО;10
46614;КРАСИТЕЛИ ОРГ;10
46615;КРАСИТЕЛИ ПР;10
46617;КРАСКИ МАСЛ;10
46618;КРАСКИ ПР;10
46619;КРЕПИТЕЛИ Д/ЛАК;10
46620;ЛАЗУРЬ ЖЕЛЕЗ;10
46621;ЛАК АС-54;10
46622;ЛАК БИТУМ МАГН;10
46623;ЛАКИ БАКЕЛИТ;10
46624;ЛАКИ ПР;10
46625;"МАСТИКА ""ГЕЛАН""";10
46626;МАСТИКА Д/ПОЛОВ;10
46628;НИТРОКРАСКИ ПР;10
46630;НИТРОЭМАЛИ ПР;10
46633;ОЛИФА НАТУР ПР;10
46635;ОТВАРЫ ПР;10
46637;ПАСТА АЛЮМ Д/КР;10
46639;ПАСТА УПЛОТ;10
46641;ПОЛИТУРЫ ВС;10
46642;ПОЛУПРОДУКТЫ ПР;10
46644;ПРОТРАВЫ ПР;10
46646;РАЗБАВИТЕЛИ ПР;10
46648;СИККАТИВЫ ЖИД;10
46651;СОЛЬВЕНТ;10
46652;СОЛЬВЕНТ-НАФТА;10
46653;УЛЬТРАМАРИН;10
46654;ЭКСТРАКТЫ КР ПР;10
46655;ЭМАЛИ ВС;10
46656;ГРУНТОВ ШПАКЛЕВ;10
46657;МАСТИКИ ПР;10
46659;СМЕСИ ОТДЕЛОЧ П;10
46701;АМИНОТОЛУОЛЫ;10
46702;АМИНОФЕНОЛЫ;10
46703;АНИЛИН СОЛЯНКИС;10
46704;АНИЛИН;10
46706;БЕНЗАЛЬДЕГИД;10
46708;N,N-ДИМЕТИЛАНИЛ;10
46713;КСИЛИДИН;10
46714;2-НАФТОЛ ТЕХ;10
46718;НИТРОАНИЛИН;10
46724;РЕЗОРЦИН;10
46725;ОРТОТОЛУИДИН;10
46726;ТРИХЛОРБЕНЗОЛ;10
46727;ФЕНИЛЕНДИАМИН;10
46730;ХЛОРНИТРОАНИЛИН;10
46734;МЕТИЛАНИЛИН;10
47105;ПЕК КАМ.УГ.ЖИДК;10
47106;ПЕК ДРЕВЕС ПР;10
47107;ПЕК КАМУГ ТВЕР;10
47108;ПЕК ТАЛЛОВ;10
47109;ПОЛИТЕРПЕНЫ;10
47112;СМОЛА ТОРФ;10
47113;СМОЛА ФЕНОЛЬН;10
47114;СМОЛЫ КАМУГ ПР;10
47115;СМОЛЫ ПР;10
47116;СУРГУЧ;10
47202;КРЕЗОЛ;10
47203;КРЕЗОЛ ТЕХН;10
47205;МАСЛА КАМУГ ПР;10
47206;МАСЛО АНТРАЦЕН;10
47208;МАСЛО КАМУГ Д/Д;10
47211;МАСЛО КРЕОЗОТ;10
47216;МАСЛО СРЕД К/УГ;10
47217;МАСЛО ТАЛЛОВ;10
47219;НАПОЛНИТЕЛЬ ЖИР;10
47222;СКИПИДАР;10
47224;СОСТАВЫ ПРОП ПР;10
47229;МАСЛ ПОГЛОТ КХ;10
47230;ФРАКЦ НАФТАЛИН;10
47301;АККУМУЛЯТОРЫ;10
47302;ИЗД ГРАФИТ УГОЛ;10
47303;МАССА АНОД;10
47304;ТЕРМОГРАФИТ;10
47306;ЭЛЕКТРОДЫ ГР ПР;10
47307;ЭЛЕМЕНТЫ ГАЛЬВ;10
47308;МАССА ЭЛЕКТРОД;10
47309;МАССА УГЛЕРОД.;10
47401;УГОЛЬ ЖИВ РАСТ;10
47501;АНТИОКИСЛ ДРЕВ;10
47511;КАНИФОЛЬ;10
47512;КИСЛОТЫ ЖИР ТАЛ;10
47514;ЛИГНОСУЛЬФ ТЕХ;10
47515;МАСЛО ДРЕВ-СМОЛ;10
47516;МАСЛО КАНИФОЛЬН;10
47517;МАСЛО СОСНОВ;10
47518;МЫЛО КАНИФОЛЬН;10
47519;МЫЛО СУЛЬФАТ;10
47520;МЯГЧИТЕЛИ ПР;10
47521;МЯГЧИТЕЛИ РЕЗИН;10
47522;НАФТА КАМЕННОУГ;10
47525;ПРОД КОКСЖИМ ПР;10
47527;СЫРЬЕ КОКСХ УГЛ;10
47530;ЭКСТРАКТ АРОМАТ;10
48101;БАРИЯ ПЕРОКСИД;10
48102;БЕРИЛИЯ ОКСИД;10
48103;ВОДОР ПЕРОКС ТВ;10
48105;ВОДОР ПЕР 20-60;10
48106;ВОДОР ПЕР 8-20;10
48108;ЖЕЛЕЗА 2 ОКСИД;10
48109;ЖЕЛЕЗА 3 ОКСИД;10
48110;КАЛИЯ ОКСИД;10
48111;КАЛИЯ ПЕРОКСИД;10
48112;КАЛЬЦИЯ ОКСИД;10
48113;КАЛЬЦИЯ ПЕРОКС;10
48114;КИСЛ АЗОТНАЯ;10
48117;КИСЛ БОРНАЯ;10
48118;КИСЛ БРОМИСТ Р;10
48121;КИСЛ КРЕМНЕФТОР;10
48122;КИСЛ ПЛАВИКОВАЯ;10
48123;КИСЛ СЕРНАЯ;10
48124;ОЛЕУМ;10
48126;КИСЛ СОЛЯНАЯ;10
48127;КИСЛ ФОСФОРИСТ;10
48128;КИСЛ ФОСФОРНАЯ;10
48132;КИСЛ НЕОРГ ПР;10
48133;КОБАЛЬТА ОКСИД;10
48135;МАГНИЯ ОКСИД;10
48137;МАРГАНЦ 4 ОКСИД;10
48139;МЕДИ 2 ОКСИД;10
48141;МЕЛАНЖ КИСЛОТ;10
48143;НАТРИЯ ОКСИД;10
48144;НАТРИЯ ПЕРОКСИД;10
48148;ОКСИДЫ ПР;10
48150;СВИНЦА 4 ОКСИД;10
48151;СЕРЫ 4 ОКСИД;10
48154;СТРОНЦ ПЕРОКСИД;10
48157;ФОСФОРА 5 ОКСИД;10
48159;ХРОМА 6 ОКСИД;10
48160;ХРОМА ОКСИД;10
48161;ЦИНКА ПЕРОКСИД;10
48162;ВАНАДИЯ 5 ОКСИД;10
48201;АЛЮМ ГИДРОКСИД;10
48202;БАРИЯ ГИДРОКСИД;10
48203;ГИДРАЗИН-ГИДРАТ;10
48204;ГИДРОКАРБ НАТР;10
48205;ГИДРОКСИДЫ ПР;10
48207;ГИДРОКСИЛАМ ПР;10
48208;КАЛИЯ ГИДРОКС Р;10
48209;КАЛИЯ ГИДРОКС Т;10
48210;КАЛИЯ КАРБОНАТ;10
48211;КАУСТИК ОТРАБОТ;10
48212;ЛИТИЯ ГИДРОКСИД;10
48213;НАТР ГИДРОКС Т;10
48214;НАТР ГИДРОКС Р;10
48215;НАТРИЯ КАРБОНАТ;10
48216;ХРОМА ГИДРОКСИД;10
48217;ЭЛЕКТРОЛИТ ЩЕЛ;10
48301;АЛЮМИНАТ НАТРИЯ;10
48302;АЛЮМИНИЯ НИТРАТ;10
48303;АЛЮМ СУЛЬФАТ;10
48304;АММОН БИСУЛЬФИТ;10
48305;АММОНИЯ НИТРАТ;10
48306;АММОН КАРБОНАТ;10
48308;АММОН ПЕРОКСОД;10
48309;АММОН ПЕРХЛОРАТ;10
48311;АММОНИЯ ФОСФАТ;10
48314;БАР БРОМАТА МОН;10
48315;БАРИЯ ДИХРОМАТ;10
48317;БАРИЯ НИТРАТ;10
48319;БАРИЯ СУЛЬФАТ;10
48322;ГИДРАЗИН-СУЛЬФ;10
48326;ЖЕЛЕЗА СУЛЬФАТ;10
48327;КАДМИЯ КАРБОНАТ;10
48328;КАДМИЯ СУЛЬФАТ;10
48330;КАЛИЯ БРОМАТ;10
48331;КАЛИЯ ДИХРОМАТ;10
48332;КАЛИЯ НИТРАТ;10
48333;КАЛИЯ НИТРИТ;10
48334;КАЛИЯ ПЕРМАНГАН;10
48335;КАЛИЯ ПЕРОКССУЛ;10
48336;КАЛИЯ ПЕРХЛОРАТ;10
48337;КАЛИЯ ПИРОФОСФ;10
48339;КАЛИЯ ХЛОРАТ;10
48342;КОБАЛЬТ СЕРНКИС;10
48343;КАЛЦ ГИПХЛ10-39;10
48344;КАЛЦ ГИПХЛ Б39;10
48345;КАЛЬЦИЯ НИТРАТ;10
48348;КАЛЬЦИЯ СУЛЬФАТ;10
48349;КАЛЬЦИЯ ФОСФАТ;10
48352;КУПОРОСЫ ПР;10
48354;МАГНИЯ КАРБОНАТ;10
48355;МАГНИЯ НИТРАТ;10
48357;МАРГАНЦА БОРАТ;10
48358;МАРГАНЦ СУЛЬФАТ;10
48359;МАРГАНЦА ФОСФАТ;10
48362;МЕДИ СУЛЬФАТ;10
48366;НАТР БИСУЛЬФАТ;10
48368;НАТРИЯ БОРАТ;10
48369;НАТРИЯ БРОМАТ;10
48370;НАТР ГЕКСАМЕТФ;10
48372;НАТРИЯ ГИДРОСУЛ;10
48373;НАТРИЯ ГИПОСУЛ;10
48374;НАТРИЯ ГИПОХЛОР;10
48375;НАТРИЯ ДИХРОМАТ;10
48376;НАТРИЯ НИТРАТ;10
48377;НАТРИЯ НИТРИТ;10
48379;НАТР ПЕРОКСОДИС;10
48380;НАТРИЯ СУЛЬФАТ;10
48381;НАТРИЯ СУЛЬФИТ;10
48382;БУРА;10
48384;НАТР ТРИПОЛИФОС;10
48385;НАТРИЯ ХЛОРАТ;10
48386;НАТРИЯ ХЛОРИТ;10
48390;НИКЕЛЯ СУЛЬФАТ;10
48393;ОЛОВА 2 СУЛЬФАТ;10
48394;ПОЛИФОСФАТЫ;10
48395;Р-Р СМЕСИ ХЛ С;10
48396;СЕЛИТ АММ-КАЛЬЦ;10
48397;СВИНЦА НИТРАТ;10
48399;НИТРИТЫ ПР;10
48401;НИТРАТЫ ПР;10
48403;СОЛИ БОРНКИС ПР;10
48404;СОЛИ КИСЛОР ПР;10
48405;СУЛЬФИТЫ ПР;10
48406;СУЛЬФАТЫ ПР;10
48407;КАРБОНАТЫ ПР;10
48408;ФОСФАТЫ ПР;10
48410;ГИПОХЛОРИТЫ ПР;10
48411;СТРОНЦ КАРБОНАТ;10
48412;СТРОНЦИЯ НИТРАТ;10
48413;ТРИНАТРИЙФОСФАТ;10
48416;ЦИНКА ДИХРОМАТ;10
48417;ЦИНКА НИТРАТ;10
48419;РАСТВ ОБР ПОГЛ;10
48501;АЛЮМИНИЯ ФТОРИД;10
48502;АЛЮМИНИЯ ХЛОРИД;10
48503;АЛЮМ ХЛОРИД Б;10
48504;АММОНИЯ БРОМИД;10
48505;АММОН ГИДРОФТ Т;10
48507;АММОНИЯ РОДАНИД;10
48509;АММОНИЯ ФТОРИД;10
48510;АММОНИЯ ХЛОРИД;10
48513;БАРИЯ ХЛОРИД;10
48516;БОРА ТРИХЛОРИД;10
48521;ЖЕЛЕЗА 3 ХЛОР Р;10
48530;КАЛИЙ БРОМИСТЫЙ;10
48535;КАЛИЯ ФЕРРОЦИАН;10
48538;КАЛЬЦИЯ ФТОРИД;10
48540;КАЛЬЦИЯ ХЛОР Р;10
48546;КРИОЛИТ;10
48547;МАГНИЯ ФТОРОСИЛ;10
48548;МАГНИЯ ХЛОРИД;10
48552;НАТРИЯ ЙОДИД;10
48553;НАТРИЯ РОДАН Р;10
48554;НАТРИЯ СУЛЬФИД;10
48555;НАТРИЯ ФТОРИД;10
48556;НАТР СУЛЬФ М30;10
48557;НАТР СУЛЬФ НМ30;10
48558;НАТРИЯ ФТОРОСИЛ;10
48559;НАТРИЯ ЦИАНИД;10
48560;ОЛОВА ТЕТРАХЛ Б;10
48561;ОЛОВО ХЛОРИСТОЕ;10
48567;СОЛИ БЕСКИСЛ ПР;10
48568;БРОМИДЫ ПР;10
48569;СОЛИ КРЕМНИС ПР;10
48570;СУЛЬФИДЫ ПР;10
48571;ФТОРИДЫ ПР;10
48572;ХЛОРИДЫ ПР;10
48573;ЦИАНИДЫ ПР;10
48575;ТИТАНА ТЕТРАХЛ;10
48578;ФОСФОР ПЕНТАСУЛ;10
48586;ЦИНКА СУЛЬФИД;10
48587;ЦИНКА ХЛОРИД;10
48590;КАЛЬЦИЯ ХЛ БЕЗВ;10
48591;КРЕМНИЯ ТЕТРАФТ;10
48593;СУЛЬФИДЫ НАТРИЯ;10
48600;СОРБ КАТАЛ КОАГ;10
48601;АБСОРБЕНТЫ;10
48603;АЭРОСИЛ;10
48606;КАТАЛИЗ КЧ-41;10
48607;КАТАЛИЗ МЕТ УВЛ;10
48608;КАТАЛИЗ НИКЕЛ;10
48610;КАТАЛИЗ ЖИД ТВ;10
48611;КОАГУЛЯНТ ЖЕЛЕЗ;10
48614;КОАГУЛЯНТ ОКСИХ;10
48615;КОАГУЛЯНТЫ ПР;10
48616;САЖА БЕЛАЯ;10
48617;СИЛИКАГЕЛЬ;10
48618;СУЛЬФОУГОЛЬ;10
48619;УГОЛЬ АКТИВИР;10
48708;КАЛИЙ;10
48710;КАЛЬЦИЙ;10
48711;КАЛЬЦИЯ СПЛАВЫ;10
48712;МЕТАЛЛЫ ПР;10
48714;НАТРИЙ;10
48716;СЕРА;10
48718;ФОСФОР БЕЛ ЖЕЛ;10
48719;ФОСФОР АМОРФ;10
48801;АЗОТ ЖИД ОХЛАЖ;10
48802;АЗОТ СЖАТЫЙ;10
48803;АЗОТА ГЕМИОКСИД;10
48804;АММИАК ЖИД БЕЗВ;10
48805;АРГОН СЖАТЫЙ;10
48806;АРГОН ОХЛАЖ ЖИД;10
48812;БУТАДИЕН ИНГИБ;10
48814;ВОДОРОД СЖАТЫЙ;10
48816;АММИАК БЕЗВ СЖ;10
48817;ВОДОРОД ФТОР Б;10
48820;ГАЗ УГЛЕКИСЛЫЙ;10
48821;ГАЗЫ ИНЕРТ ПР;10
48822;ГАЗЫ КР ЭНЕР ПР;10
48824;ГЕЛИЙ СЖАТЫЙ;10
48825;ДИМЕТИЛАМИН Б;10
48826;ДИФТОРХЛОРМЕТАН;10
48830;КИСЛОРОД ОХЛАЖ;10
48831;КИСЛОРОД СЖАТЫЙ;10
48839;СЕРЫ ГЕКСАФТОР;10
48843;ТЕТРАФТОРЭТАН;10
48844;ТРИФТОРЭТАН СЖ;10
48846;ХЛАДОН-503;10
48847;ХЛОР;10
48850;ЭТИЛЕН ЖИДКИЙ;10
48852;ОКСИД;10
48906;ГИДРИДЫ ПР;10
48912;КАЛЬЦИЯ КАРБИД;10
48915;КАЛЬЦ ЦИАНАМИД;10
48917;КАРБИДЫ ПР;10
48918;КАТАЛИЗАТОР ЦН;10
48927;НАТРИЯ АМИД;10
48931;НЕОРГ СОЕДИН ПР;10
48934;САХАР-САТУРН;10
48935;СИЛИЦИДЫ ПР;10
50101;МУКА ПШЕНИЧ ВЫС;9
50102;МУКА ПШЕНИЧ 1С;9
50103;МУКА ПШЕНИЧ 2С;9
50104;МУКА ПШЕНИЧ ПР;9
50201;МУКА РЖАН-ПШЕН;9
50202;МУКА РЖАН ВС;9
50301;ГОРОХ ДРОБ ЛУЩ;9
50302;ДЕРТЬ;9
50303;КРУПА ГРЕЧ ПРОД;9
50304;КРУПА ГРЕЧ ЯДР;9
50305;КРУПА КУКУРУЗ;9
50306;КРУПА МАН;9
50307;КРУПА ОВСЯН;9
50308;КРУПА ПЕРЛОВ;9
50309;КРУПА ПОЛБЯН;9
50310;КРУПА ПР;9
50311;КРУПА ПШЕНИЧ АР;9
50312;КРУПА ЯЧНЕВ;9
50313;ПШЕНО;9
50314;РИС;9
50315;САГО;9
50316;СЕЧКА ОВСЯН;9
50317;СЕЧКА ПРОСЯН;9
50318;СЕЧКА ПР;9
50319;СЕЧКА РИСОВ;9
50320;СЕЧКА ЯЧМЕН;9
50321;ТОЛОКНО;9
50322;ХЛОПЬЯ КУКУРУЗ;9
50323;ХЛОПЬЯ ОВСЯН;9
50324;ХЛОПЬЯ ПШЕНИЧ;9
50325;ХЛОПЬЯ РИСОВ;9
50401;МУКА ГОРОХ;9
50402;МУКА КУКУРУЗ;9
50403;МУКА ОВСЯН;9
50404;МУКА СОЕВ;9
50405;МУКА ЯЧМЕН;9
50406;МУКА ПР;9
50501;МУЧКА КОРМОВ;9
50502;ОТРУБИ ПШЕНИЧ;9
50503;ОТРУБИ ПР;9
50504;ОТРУБИ РЖАН;9
50506;ОТХОДЫ МУК ЗЕРН;9
50507;ПЫЛЬ МУЧН;9
51101;ИЗД СУХАРНЫЕ;10
51102;ИЗД ХЛЕБОБ ПР;10
51103;ХЛЕБ ПЕЧЕНЫЙ ВС;10
51201;ВЕРМИШЕЛЬ;10
51202;ЛАПША;10
51203;ИЗД МАКАРОН ПР;10
51204;МАКАРОНЫ;10
51301;ВАФЛИ;10
51302;ГАЛЕТЫ КОНДИТ;10
51303;ИЗД КОНДИТ ПР;10
51304;КЕКСЫ;10
51305;ПЕЧЕНЬЕ;10
51306;ПИРОЖНЫЕ;10
51307;ПРЯНИКИ КОВРИЖ;10
51401;ВОСК ПЧЕЛИН;10
51402;ВОЩИНА;10
51403;ИЗД САХАРН ПР;10
51404;КАРАМЕЛЬ;10
51405;КОНФЕТЫ ПР;10
51406;МАРМЕЛАД;10
51407;МЕД ИСКУС;10
51408;МЕД ПЧЕЛИН;10
51410;НАЧИНКА КАРАМЕЛ;10
51411;ПАСТИЛА;10
51412;СЛАДОСТИ ВОС ПР;10
51413;САХАР ФРУКТ ЯГ;10
51414;СОТЫ С МЕДОМ;10
51416;ЦУКАТЫ;10
51417;ХАЛВА;10
51418;ШОКОЛАД;10
51501;ГИДРОЛ;10
51502;ГЛЮКОЗА;10
51503;ГЛЮТЕН;10
51504;ДЕКСТРИНЫ;10
51505;КЛЕЙКОВИНА;10
51506;КРАХМАЛ ПР;10
51507;ЛАКТОЗА;10
51508;МАЛЬТОЗА;10
51509;МЕЛАССА;10
51510;МУКА КАРТОФЕЛЬН;10
51511;ПАТОКА КРАХМ ГЛ;10
51512;ПАТОКА МАЛЬТОЗ;10
51513;ПАТОКА ПР;10
51514;ТАПИОКА;10
51601;АГАР АГАРОИД;10
51602;КАКАО В БОБАХ;10
51603;ВАНИЛЬ;10
51604;ГВОЗДИКА;10
51605;ГОРЧИЦА ПИЩ;10
51606;ДРОЖЖИ ХЛЕБОПЕК;10
51607;ЖЕЛАТИН ПИЩ;10
51608;ЖЕЛЕ;10
51609;ИМБИРЬ;10
51610;КАКАО-ПОРОШ НАТ;10
51611;КАКАО-СУРРОГАТ;10
51612;КАПЕРСЫ;10
51614;КВАС СУХ;10
51615;КИСЕЛЬ СУХ;10
51616;КИСЛ ВИННОКАМЕН;10
51617;КИСЛ ЛИМОННАЯ;10
51618;КИСЛ МОЛОЧНАЯ;10
51619;КОНЦ КРУПЯН ПР;10
51620;КОНЦ ПИЩ ПР;10
51621;КОРИЦА;10
51622;КОФЕ НАТУР;10
51623;КОФЕ-СУРРОГАТ;10
51624;КРОВЬ КОНСЕР;10
51626;КУБИКИ БУЛЬОН;10
51627;ЛИСТ ЛАВРОВЫЙ;10
51628;МОЛОКО СУХ;10
51629;МУКА БЛИН;10
51630;МУКА ДИЕТ Д/ДЕТ;10
51631;НАПИТКИ КОФЕЙН;10
51632;НАПИТКИ ФРУК ПР;10
51633;НАПИТКИ ЧАЙН;10
51634;ОБРАТ СУХ;10
51635;ПАЛОЧКИ КУКУРУЗ;10
51636;ПЕКТИНЫ;10
51637;ПЕРЕЦ ВС;10
51638;ПОРОШКИ ОВОЩ;10
51639;ПОРОШОК ЯИЧН;10
51640;ПРЯНОСТИ ПР;10
51641;СЕМЯ ПОДСОЛ Б\С;10
51642;СЛИВКИ СУХ;10
51643;СУПЫ ГОТОВ;10
51644;УКСУС ПИЩ;10
51646;ХРЕН СТОЛОВ;10
51647;ЦИКОРИЙ;10
51648;ЧАЙ БАЙХ ЗЕЛЕН;10
51649;ЧАЙ БАЙХ ЧЕРН;10
51650;ЧАЙ ЗЕЛЕН КИРП;10
51651;ЧАЙ ПЛИТОЧ;10
51652;ЧАЙ НАТУР ПР;10
51654;КАКАОВЕЛЛА;10
51655;ЭКСТРАКТ СОЛОД;10
51656;ЭКСТРАКТ ЧАЙН;10
51657;ЭКСТРАКТЫ КУКУР;10
51659;ЭКСТРАКТЫ ФРУКТ;10
51660;СЫВОРОТ МОЛ СУХ;10
51701;МАХОРКА;10
51702;ПАПИРОСЫ;10
51703;СИГАРЕТЫ;10
51704;СИГАРЫ;10
51705;ТАБАК НЮХАТЕЛЬН;10
51706;ТАБАК ОБРАБОТ;10
51707;ИЗД ТАБАКА ПР;10
52101;САХАР-ПЕСОК;10
52102;ПУДРА САХАР;10
52104;САХАР-РАФИНАД;10
52105;САХАР-СЫРЕЦ;10
52106;КСИЛИТ ПИЩ;10
52107;САХАР ДИАБЕТ ПР;10
53102;СОЛЬ КОРМ;10
53103;СОЛЬ ПИЩ МОЛОТ;10
53104;СОЛЬ ПИЩ НЕМОЛ;10
53105;"СОЛЬ ""ЭКСТРА""";10
53106;СОЛЬ ТЕХНИЧ;10
53107;СОЛЬ ПИЩ ВЫВАР;10
54101;ДИНАТРИЙФОСФ К;10
54102;КОМБИКОРМА ВС;10
54103;КОНЦ КАРБАМИД;10
54104;МОНОАММОНИЙФ К;10
54105;ПРЕМИКСЫ;10
54106;ФОСФАТ ОБЕСФТ К;10
54107;ФОСФАТЫ КОРМ ПР;10
54108;КОРМ ДЛЯ НПРОД;10
54201;ВЫЖИМКИ ОВОЩ;10
54203;ДРОБИНА ПИВ;10
54204;ДРОЖЖИ КОРМ;10
54205;ЖМЫХИ;10
54206;ЖОМ КАРТОФЕЛ;10
54207;ЖОМ СВЕКЛОВ;10
54208;КОРМ ПРОД ДО 45;10
54209;КРУПА КОРМ РАК;10
54210;ЛУЗГА;10
54211;МУКА КОРМ ОВОЩ;10
54213;МУКА КОРМ МЯСН;10
54214;МУКА КОРМ МЯС-К;10
54215;МУКА КОРМ РЫБН;10
54216;МУКА КРОВЯН;10
54218;ОТХ ПИЩПРОМ ПР;10
54219;ПФАБР КОСТ Д/Ж;10
54220;СКОРЛУПА ОРЕХ;10
54221;ШЕЛУХА;10
54222;ШРОТ КОРМ ПР;10
54223;ШРОТ 1,5-11ВЛ;10
54225;ЖМЫХИ 1,5-11ВЛ;10
54226;МУКА РЫБН;10
54227;КОНЦ КМБ-12;10
54228;ПЕЛЛЕТЫ ПОДСОЛН;10
54229;ЖОМ СВЕКЛ СУШ Г;10
55101;МОЛОКО ПР;10
55102;МОЛОКО ОБЕЗЖИР;10
55201;БРЫНЗА;10
55204;МОРОЖЕНОЕ;10
55207;СЛИВКИ СВЕЖ;10
55208;СЛИВКИ ПР;10
55209;СМЕТАНА;10
55210;СЫВОРОТКА МОЛОЧ;10
55211;ПРОД МОЛОЧ ПР;10
55212;ТВОРОГ;10
55302;МАСЛО СЛИВОЧ;10
55303;МАСЛО ТОПЛЕН;10
55304;СЫР;10
55401;ЖИРЫ ХЛЕБОПЕК;10
55402;ЖИРЫ КОНДИТ;10
55403;ЖИРЫ КУЛИНАР;10
55404;МАРГАРИН;10
55405;ПРОД МАРГАР ПР;10
55407;САЛОМАС ПИЩ;10
55408;САЛОМАС ЖИРЫ ТЕ;10
55409;ЗАМЕН МОЛОЧ ЖИР;10
55410;СПРЕДЫ РАСТ-ЖИР;10
55411;СМЕСИ ТОПЛ РАСТ;10
55412;ЗАМЕНИТ КАКАО;10
55413;МАСЛА МОДИФ ПИЩ;10
55501;ЯЙЦА ПТИЦЫ;10
55502;ЯЙЦА ПР;10
55602;МАСЛО АРАХИС;10
55604;МАСЛО ГОРЧИЧ;10
55605;МАСЛО КАКАОВЕЛ;10
55607;МАСЛО КАСТОР;10
55609;МАСЛО КОКОСОВ;10
55612;МАСЛО КУКУРУЗ;10
55613;МАСЛО КУНЖУТ;10
55614;МАСЛО ЛЬНЯН;10
55616;МАСЛО ОЛИВКОВ;10
55618;МАСЛО ПАЛЬМОВ;10
55619;МАСЛО ПАЛЬМОЯДР;10
55620;МАСЛО ПОДСОЛНЕЧ;10
55621;МАСЛО ПРОВАНСК;10
55622;МАСЛО РАПСОВ;10
55625;МАСЛО СОЕВ;10
55630;МАСЛА РАСТ П ПР;10
55631;ОСТ РАСТИТ М ПР;10
55632;СОАПСТОКИ СВ М;10
56102;ГОВЯДИНА В БЛОК;10
56103;ГОВЯДИНА МОРОЖ;10
56104;ГОВЯДИНА ОХЛАЖД;10
56107;МЯСО ДИК ЖИВОТН;10
56109;МЯСО ДОМАШ ЖИВ;10
56110;МЯСО ПТИЦ ДОМАШ;10
56111;СВИНИНА В БЛОК;10
56112;СВИНИНА МОРОЖ;10
56114;СУБПРОД МЯСН ПР;10
56202;ИЗД КОЛБАСНЫЕ;10
56203;КОПЧЕНОСТИ МЯСН;10
56205;МЯСОПРОД ПР;10
56206;ПЕЛЬМЕНИ;10
56207;ПФАБР МЯС ЗАМОР;10
56303;ЖИРЫ ЖИВОТ ПИЩ;10
56304;ЖИРЫ ЖИВОТ ТЕХ;10
56305;САЛО СВИНОЕ СОЛ;10
56306;САЛО ЖИВОТ ПИЩ;10
56307;ЖИР ЖИВОТ КОРМ;10
56401;АЛЬБУМИН;10
56404;КОСТЬ ПИЩ;10
56405;МЕЗДРА;10
56406;ОБОЛОЧКА КОЛБАС;10
56407;ОТХОДЫ МЯСН ПР;10
56408;РОГА КОПЫТА;10
57201;ИЗД КУЛИНАР РЫБ;10
57202;КРАБЫ;10
57203;КРЕВЕТКИ;10
57204;МОЛЛЮСКИ;10
57206;ОТХОДЫ РЫБН ПР;10
57207;РАКИ ПРЕСНОВОД;10
57208;РЫБА СВЕЖМОР;10
57209;РЫБА СВЕЖ ОХ ПР;10
57210;РЫБА ПР;10
57212;УСТРИЦЫ;10
57213;ФИЛЕ РЫБН;10
57302;ВОБЛА ВЯЛ КОП;10
57304;ИКРА РЫБ ПИЩ;10
57305;ПЕЛЬМЕНИ РЫБН;10
57306;РЫБА ВЯЛ КОП ПР;10
57307;РЫБА МАРИНОВ;10
57308;РЫБА СОЛ КР СЕЛ;10
57309;РЫБА СУШ;10
57311;СЕЛЬДЬ СОЛЕН;10
57403;ЖИР РЫБ;10
57404;ЖИР МОРСК ВЕТЕР;10
57405;ЖИР МОРСК ТЕХ;10
57407;ЖИР МОРСК ПР;10
58101;ВАРЕНЬЕ;10
58102;ГОРОШЕК ЗЕЛ КОН;10
58103;ГРИБЫ МАРИН СОЛ;10
58104;ГРУШИ МОЧЕН;10
58105;ДЖЕМЫ;10
58106;КАПУСТА КВАШЕН;10
58107;КОМПОТЫ;10
58108;КОНСЕРВЫ ИЗ РАК;10
58109;КОНСЕРВЫ МОЛОЧ;10
58110;КОНСЕРВЫ ОВОЩ;10
58111;КОНСЕРВЫ РЫБН;10
58112;КОНСЕРВЫ ФРУКТ;10
58114;КОНФИТЮРЫ;10
58115;КОРЕНЬЯ МАРИНОВ;10
58116;МАЙОНЕЗ;10
58117;МАСЛИНЫ КОНСЕР;10
58118;МЕЛАНЖ ЯИЧН;10
58119;МОЛОКО СГУЩЕН;10
58120;ОБРАТ СГУЩЕН;10
58121;ОВОЩИ МАРИН ПР;10
58122;ОГУРЦЫ МАРИНОВ;10
58123;ПАСТА ПЮРЕ ТОМ;10
58124;ПОВИДЛО ФРУКТ;10
58125;ПОМИДОРЫ МОЧЕН;10
58126;ПРЕСЕРВЫ РЫБН;10
58127;ПУЛЬПА ПЛОДОВ;10
58128;ПЮРЕ ОВОЩ;10
58129;ПЮРЕ ПЛОД ЯГОД;10
58130;СИРОПЫ ВС;10
58131;СОУСЫ ВС;10
58132;ТЫКВА МОЧЕН СОЛ;10
58134;ЯГОД ФРУКТ МОЧ;10
58135;КОНСЕРВЫ МЯСН;10
58201;АНАНАСЫ СУШ;10
58202;ВИНОГРАД СУШ;10
58203;ВИШНИ СУШ;10
58204;ГРУШИ СУШ;10
58207;КИШМИШ;10
58208;КОМПОТ СУХ ФРУК;10
58209;КУРАГА;10
58210;МАЛИНА СУШ;10
58213;ФРУКТЫ СУШ ПР;10
58216;ЧЕРНОСЛИВ СУШ;10
58217;ЯБЛОКИ СУШ;10
58218;ЯГОДЫ СУШ ПР;10
58301;ГРИБЫ СУШ;10
58302;КАРТОФЕЛЬ СУШ;10
58303;КОРЕНЬЯ СУШ;10
58304;ОВОЩИ СУШ ПР;10
58305;ПЕРЕЦ СТРУЧ СУШ;10
58306;ТЫКВА СУШ;10
58401;СОК ВИНОГРАД СГ;10
58402;СОК ВИНОГРАД ПР;10
58403;СОК ТОМАТ;10
58404;СОК ЯБЛОЧ;10
58406;СОКИ ОВОЩ ПР;10
58407;СОКИ ПР;10
58408;СОКИ ФРУКТ ПР;10
58409;СУСЛО ВИНОГРАД;10
59101;ВИНА ВИНОГРАД;10
59102;ВИНА ФРУКТ ЯГОД;10
59103;ВИНА ШАМПАН ИГР;10
59104;ВИНОМАТЕР М 24;10
59105;НАПИТКИ ФЕРМЕНТ;10
59107;СИДРЫ;10
59201;БРАГА АЛКОГОЛЬН;10
59202;ПИВО ВС;10
59203;СУСЛО ПИВН;10
59301;ВОДКА;10
59302;ИЗД ВОДОЧ ПР;10
59303;КОМПОЗ Д/ЛИМОН;10
59304;КОНЬЯКИ;10
59305;ЛИКЕРЫ;10
59306;НАЛИВКИ;10
59307;НАСТОЙКИ;10
59308;РОМ;10
59311;НАПИТК.СЛАБОАЛК;10
59401;ДИСТИЛЛАТ ВИН;10
59402;СПИРТ ЭТИЛ РЕКТ;10
59404;СПИРТ ДЕНАТУР П;10
59408;СПИРТ НЕДЕНАТУР;10
59409;СПИРТ ЭТИЛ НЕ П;10
59501;ВОДЫ МИНЕР ИСК;10
59502;КВАС ФРУКТ ХЛЕБ;10
59503;МОРСЫ ФРУКТ ЯГ;10
59504;НАПИТКИ ГАЗИРОВ;10
59505;НАПИТКИ ПЛОД ПР;10
59506;НАПИТКИ ПР;10
60101;БАРДА ЖИД;10
60201;ВОДА ОБЫКНОВ;10
60202;ЛЕД ЕСТЕСТ;10
60203;ВОДА ДИСТИЛЛИРО;10
61101;ХЛОПОК-ВОЛОКНО;10
61102;ЛИНТ ХЛОПКОВ;10
61103;ОТХОДЫ ХЛОПК;10
62101;ВОЛОКНА ЛУБ ПР;10
62102;ВОЛОКНО ДЖУТА;10
62106;ЛЬНОВОЛОКНО;10
62108;ЛЕН ЧЕСАН;10
62112;ОЧЕСЫ ВОЛОК ПР;10
62113;ОЧЕСЫ ЛЬНА;10
62116;ПЕНЬКОВОЛОКНО;10
62117;ПАКЛЯ;10
62203;НИТКИ СИНТ ШЕЛ;10
62205;НИТКИ ПР;10
62206;НИТКИ ХЛОПЧАТОБ;10
62208;ПРЯЖА ПР;10
62209;ПРЯЖА КАМВОЛЬН;10
62210;ПРЯЖА ЛЬНО-ДЖУТ;10
62211;ПРЯЖА ЛЬНЯН;10
62213;ПРЯЖА ХЛОПЧАТОБ;10
62215;ПРЯЖА ШЕРСТЯН;10
62216;ПРЯЖА ШТАПЕЛЬН;10
62301;ВЕРЕВКИ ПР;10
62302;ИЗД КРУЧЕНЫЕ ПР;10
62304;КАНАТЫ ХИМ ВОЛ;10
62305;КАНАТЫ ПЕНЬКОВ;10
62306;КОВРЫ ВЕРЕВОЧ;10
62307;СЕТИ ВЕРЕВОЧ;10
62309;ТРОСЫ ВЕРЕВОЧ;10
62310;ШНУРЫ ПР;10
62311;ШНУРЫ КРУЧЕН;10
62312;ШПАГАТ ВС;10
62401;ВАТА ХЛОПЧАТОБ;10
62402;ВАТА ХЛОПК;10
62502;ВАТА ШЕЛКОВ;10
62601;ВОЙЛОК ПР;10
62602;ВОЙЛОК СТРОИТ;10
62603;ВОЙЛОК ТЕХ;10
62604;ДЕТАЛИ ВОЙЛОЧ;10
62605;ИЗД ВОЙЛОЧ;10
62606;КОВРЫ ВОЙЛОЧ;10
62607;СТЕЛЬКИ ВОЙЛОЧ;10
63101;БЕЛЬТИНГ;10
63102;БРЕЗЕНТ;10
63103;КАРАКУЛЬ ИСКУС;10
63104;КЛЕЕНКА ВС;10
63106;ЛОСКУТ ТКАН МЕР;10
63107;МЕХ ИСКУС;10
63108;ПАРУСИНА БРЕЗЕН;10
63109;ПОЛОТНО;10
63110;СУКНО ШЕРСТЯН;10
63111;ТКАНИ БРЕЗЕНТ;10
63112;ТКАНИ БЯЗ ДЖУТ;10
63113;ТКАНИ ИСКУС СИН;10
63114;ТКАНИ ЛЬНЯН МЕШ;10
63115;ТКАНИ ПРОРЕЗ ПР;10
63116;ТКАНЬ ТЕХ ПР;10
63117;ТКАНИ ХЛОПЧ МАР;10
63118;МАТЕРИАЛЫ НЕТК;10
63201;ВАТИНЫ ВС;10
63202;ДОРОЖКИ ПЕНЬК;10
63203;ИЗД КЛЕЕН КР ОД;10
63204;КОНЦЫ БУКСОПОДБ;10
63205;ЛЕНТА ИЗОЛЯЦИОН;10
63206;ЛЕНТА КИПЕРН;10
63207;МАТЕРИАЛ ОБТИР;10
63208;МАТРАЦЫ КР ПЕР;10
63209;МЕШКИ ТКАНЕВ;10
63210;НАБИВКИ МЕБЕЛЬН;10
63211;ОБРЕЗКИ ОБРЫВ;10
63212;ОДЕЯЛА;10
63213;ОСТАТКИ ПРЯД;10
63215;ПАЛАТКИ;10
63216;ПЕРИНЫ МАТРАЦЫ;10
63217;ПОДУШКИ;10
63218;ПОЯСА БРЕЗЕНТОВ;10
63219;ПРОКЛАДКИ РЕЗИН;10
63221;РЕМНИ ТКАНЕВ;10
63222;РУКАВА ТКАНЕВ;10
63223;САЛФЕТКИ ПРОРЕЗ;10
63224;ТАРА ТКАНЕВ ВОЗ;10
63225;РУКАВА БРЕЗЕНТ;10
63226;УГАРЫ ТЕКСТИЛЬН;10
63227;ФИЛЬТРЫ ХЛОПЧАТ;10
63228;ЧЕХЛЫ ТКАНЕВ;10
63229;КНОП;10
63301;ВАРЕЖКИ-ПЕРЧАТ;10
63302;ДЖЕМПЕРЫ ЖАКЕТЫ;10
63303;ИЗД БЕЛЬЕВ ТРИК;10
63304;ИЗД ПЛАТОЧ-ШАРФ;10
63305;ИЗД СПОРТ ТРИК;10
63306;ТРИКОТАЖ ПР;10
63307;ИЗД ТРИКОТ ДЕТ;10
63308;ИЗД ЧУЛОЧ-НОСОЧ;10
63309;КОСТЮМ ТРИКОТАЖ;10
63310;КОФТЫ ТРИКОТАЖ;10
63311;ПЛАТЬЯ ТРИКОТАЖ;10
63312;РЕЙТУЗЫ;10
63401;БАХИЛЫ КОЖ;10
63402;БЕЛЬЕ ПОСТЕЛЬН;10
63403;БЕЛЬЕ ПР;10
63404;БРЮКИ;10
63405;ГОЛОВ УБОРЫ МЕХ;10
63406;ГОРЖЕТЫ ВОР МЕХ;10
63407;ЖИЛЕТЫ ПРОРЕЗ;10
63408;ИЗД ШВЕЙНЫЕ ПР;10
63410;КОМБИНЕЗОНЫ;10
63411;КОСТЮМЫ КР ТРИК;10
63412;КУРТКИ ВАТ РАБ;10
63413;МЕШКИ СПАЛЬН;10
63415;ОДЕЖДА ПР;10
63416;ПАЛЬТО КР МЕХОВ;10
63417;ПАЛЬТО МЕХОВ;10
63418;ПИДЖАКИ КУРТКИ;10
63419;ПЛАТКИ НОСОВ;10
63420;ПЛАТКИ ШЕЛК ШЕР;10
63421;ПЛАТЬЯ КР ТРИК;10
63422;ПЛАЩИ;10
63423;ПЛЕДЫ;10
63424;ПОЛОТЕНЦА;10
63425;ПОЛУПАЛЬТО МЕХ;10
63427;РУКАВИЦЫ;10
63428;САЛФЕТКИ СТОЛОВ;10
63429;СКАТЕРТИ СТОЛОВ;10
63430;СОРОЧКИ ВЕРХН;10
63432;УБОРЫ ГОЛОВ ПР;10
63433;УБОРЫ ГОЛОВ СП;10
63434;ФУРАЖКИ КЕПИ;10
63435;ФУФАЙКИ;10
63436;ШАЛИ ШАРФЫ;10
63437;ШАПКИ;10
63438;ШИНЕЛИ БУШЛАТЫ;10
63501;ВОРСОЛИН;10
63502;ИЗДЕЛИЯ КОВРОВ;10
63503;КОВРЫ ПР;10
63504;КОВРЫ ШЕЛК ШЕРС;10
64101;АБАЖУРЫ КР СТЕК;10
64102;БРИТВЫ ЭЛЕКБРИТ;10
64103;ВЕШАЛКИ-ПЛЕЧИКИ;10
64104;ГАЛАНТ ТЕКСТ ПР;10
64105;ГАЛАНТ НЕТЕК ПР;10
64106;ЗАНАВЕСИ;10
64107;ЗОНТЫ ЗОНТИКИ;10
64108;ИЗД БИСЕРН;10
64109;ИЗД БРОНЗ ГАЛАН;10
64110;ИЗД ГАЛАНТ ВС;10
64111;ИЗД СТЕКЛЯРУС;10
64112;ИЗД ЯНТАРН;10
64113;ИЗД КАРБОЛИТ;10
64114;ИЗД КОСТЯН РОГ;10
64115;ИЗД МИШУРН;10
64116;ИЗД ПЕРЛАМУТР;10
64117;ИЗД ПОЗУМЕНТ;10
64118;ИЗД СЕРЕБРЯН ПР;10
64119;ИЗД ГАРДИН-ТЮЛ;10
64120;ИЗД ХРУСТАЛЬН;10
64121;ИЗД ХУД ВЫШИВКИ;10
64122;ИЗД ХУД ПРОМЫСЛ;10
64124;ИЗД ЮВЕЛПРОМ ПР;10
64125;КАМНИ ИСКУС ЮВ;10
64127;ЛЕЗВИЯ Д/БЕЗОП;10
64128;МАШИНКИ ПАРИКМ;10
64129;МЫЛЬНИЦЫ;10
64130;НЕСЕССЕРЫ;10
64131;ПЕРЧАТКИ КР ТР;10
64132;ПОЛОТНО ГАРДИН;10
64133;ПОРТФЕЛИ РАНЦЫ;10
64134;САКВОЯЖИ;10
64135;СТАТУЭТКИ;10
64136;СУМКИ;10
64137;ТЕРМОСЫ;10
64138;ТРОСТИ;10
64139;ТРУБКИ КУРИТ;10
64140;ПОЛОТНО ТЮЛЕВ;10
64141;ЦВЕТЫ ИСКУС;10
64142;ЧЕМОДАНЫ;10
64143;ЩЕТКИ БЫТОВ;10
64144;ЖАДЕИТ ЮВ-ПОДЛ;10
65101;ЗАМША КР ИСКУС;10
65102;КАРАКУЛЬ ВЫДЕЛ;10
65103;КОЖА ПОДОШВ;10
65105;КОЖИ ВЫДЕЛ ПР;10
65106;МЕХА ИЗД МЕХ ПР;10
65108;МЕХА МОРС ВЫДЕЛ;10
65109;МЕХА ВЫДЕЛ ПР;10
65111;ОВЧИНЫ ВЫДЕЛ;10
65113;ПЛАСТИНЫ ПОДОШВ;10
65115;ШКУРЫ ДОМ ВЫДЕЛ;10
65201;ВОРСИТ;10
65202;ГРАНИТОЛЬ КР Б;10
65204;ЗАМЕН ШОРНО-СЕД;10
65206;КИРЗА;10
65207;КОЖА ИСКУС ПР;10
65301;БУРДЮКИ;10
65302;ЗАГОТОВКИ КОЖАН;10
65303;ИЗД ЗАМШЕВ ПР;10
65304;ИЗД ВОЛОС ПЛЕТ;10
65305;ИЗД ЩЕТИННО-ЩЕТ;10
65306;ИЗД КОЖАН НОВ;10
65307;ИЗД ШОРНО-СЕД;10
65308;КИСТИ ПР;10
65309;КИСТИ ТЕХ;10
65311;ПОДОШВЫ КОЖАН;10
65312;ПОКРЫШКИ КОЖАН;10
65313;РЕМНИ КОЖАН;10
65315;УПРЯЖЬ;10
65316;ЧЕХЛЫ КОЖАН;10
65317;ЩЕТКИ ТЕХ;10
65401;ГАЛОШИ РЕЗИН Н;10
65402;ЗАГОТОВКИ ФЕТР;10
65403;КАБЛУКИ ВС;10
65404;ОБУВЬ ВАЛЯН;10
65405;ОБУВЬ КОЖАН;10
65406;ОБУВЬ КОМБИНИР;10
65407;ОБУВЬ ПР;10
65408;ОБУВЬ РЕЗИН ПР;10
65409;ОБУВЬ СИНТ ВЕРХ;10
66101;БУЙКИ СТЕКЛЯН;10
66102;БУТЫЛКИ ФАРФОР;10
66103;ВОРОНКИ СТЕКЛЯН;10
66104;ИЗД ГЛИН КЕРАМ;10
66105;ИЗД СТЕКЛ КВАРЦ;10
66106;ИЗД МАЙОЛИКОВ;10
66107;ИЗД СТЕКЛ ПР;10
66108;ИЗД ФАРФОР ПР;10
66109;ИЗД ФАЯНС ПР;10
66110;ИЗД ХРУСТАЛ ПР;10
66111;ИЗД Д/ЭЛТЕХ ПР;10
66112;ИЗОЛЯТОРЫ СТЕКЛ;10
66113;КОЛБЫ СТЕКЛЯН;10
66114;ЛАМПЫ СТЕКЛ НЕЭ;10
66115;ИЗД КОМП ЭЛ-ОСВ;10
66116;ПЛАСТИНЫ ФОТОГР;10
66117;ПЛАФОНЫ СТЕКЛ;10
66118;ПОСУДА ЛАБОРАТ;10
66119;ПОСУДА МЕДИЦИН;10
66120;ПОСУДА СТЕКЛ ПР;10
66121;РЕЗЕРВУАРЫ ЛАМП;10
66122;РЕТОРТЫ ГЛИНЯН;10
66123;РОЛИКИ СТЕКЛ;10
66124;СЕРВИЗЫ СТОЛ;10
66125;СИФОНЫ СТЕКЛ;10
66127;СТЕКЛА ЛАМПОВ;10
66128;ТРУБКИ СТЕКЛ;10
66129;УРНЫ Д/ПЕПЛ;10
66130;ШАРЫ СТЕКЛ;10
66201;БАНКИ СТЕКЛ НОВ;10
66202;БУТЫЛИ СТЕКЛ;10
66203;БУТЫЛКИ СТ 0,25;10
66204;БУТЫЛКИ СТ 0,5;10
66205;БУТЫЛКИ ИМП ВОЗ;10
66206;БУТЫЛКИ ПИВ 0,5;10
66207;ПОСУДА ВИН ВОЗ;10
66208;ТАРА СТЕКЛ ПР;10
66209;ТАРА СТ НОВ ПР;10
67102;АФИШИ;10
67103;БЛАНКИ КАНЦЕЛЯР;10
67105;ГРАВЮРЫ;10
67106;ЖУРНАЛЫ НОВ;10
67107;ИЗД ПОЛИГРАФ ПР;10
67108;КАРТИНЫ;10
67110;КНИГИ КОПИРОВАЛ;10
67115;ПЛАКАТЫ;10
67117;ПОСОБИЯ УЧ ПЕЧ;10
67118;ПРОД ПЕЧАТ ПР;10
67119;РИСУНКИ;10
67121;ЭТИКЕТКИ ПЕЧАТ;10
68101;АВТОМАТЫ МУЗЫК;10
68102;ГРАМПЛАСТИНКИ;10
68103;З/Ч МУЗЫК ИНСТР;10
68105;ИНСТРУМ МУЗЫК;10
68106;ИНСТРУМ КЛАВИШ;10
68107;ИНСТРУМ СМЫЧКОВ;10
68108;ИНСТРУМ ЩИПКОВ;10
68109;ИНСТРУМ УДАРН;10
68110;ИНСТРУМ ЭЛМУЗЫК;10
68111;ИНСТРУМ ЯЗЫЧКОВ;10
68112;ЧАСТИ МУЗЫК ИНС;10
68201;АКВАЛАНГИ;10
68202;БУТАФОРИЯ ПР;10
68203;ГАМАКИ;10
68204;ГАНТЕЛИ СПОРТ;10
68205;ДИСКИ Д/МЕТАНИЯ;10
68206;ИНВЕНТ СПОРТ ПР;10
68208;КАРУСЕЛИ;10
68210;КОМПЛ СПОРТ ПР;10
68211;КОНЬКИ;10
68212;КРУГИ СПАСАТЕЛ;10
68213;КРЮЧКИ РЫБОЛОВ;10
68214;ЛАСТЫ;10
68215;ЛЫЖИ;10
68216;МАЗЬ ЛЫЖ;10
68217;МАНЕКЕНЫ;10
68218;МАТЫ СПОРТИВ;10
68219;МЯЧИ КОЖ РЕЗИН;10
68220;НАСОСЫ ФУТБОЛЬН;10
68221;ОБОРУД ТЕАТР;10
68222;ПАЛКИ ЛЫЖ;10
68223;ПАРАШЮТЫ;10
68224;ПАТРОНТАШИ;10
68226;ПОКРЫШКИ Д/МЯЧ;10
68227;ПОЯСА СПАСАТ;10
68228;ПРИНАДЛ ОХОТ ПР;10
68229;ПРОТИВОГАЗЫ;10
68231;РАКЕТКИ ТЕННИС;10
68233;РУПОРЫ;10
68234;РЮКЗАКИ;10
68235;САДКИ Д/ЖИВОТ;10
68236;НЕВОДЫ;10
68237;СЕТИ ОХОТН;10
68238;СЕТКИ СПОРТ;10
68239;СНАСТИ РЫБОЛ ПР;10
68240;СПИННИНГИ;10
68241;СТЕНДЫ Д/ЭКСПОН;10
68242;ТУРНИКИ;10
68243;УДОЧКИ РЫБОЛОВ;10
68245;ШТАНГИ ГИМНАСТ;10
68301;АВТОМАТЫ ИГРОВ;10
68302;АВТОМОБ ДЕТ ПЕД;10
68303;ВЕЛОСИПЕДЫ ДЕТ;10
68304;ГЛОБУСЫ;10
68305;ДОСКИ КЛАССН;10
68306;ИГРУШКИ ИГРЫ;10
68307;КАРТЫ ИГРАЛЬН;10
68308;КОЛЛЕК БОТ ЗООЛ;10
68309;КУКЛЫ;10
68310;ПОСОБИЯ УЧЕБ;10
68311;САНКИ ДЕТ;10
68401;АЛЬБОМЫ;10
68402;ГОТОВАЛЬНИ ЧЕРТ;10
68403;ДОСКИ ЧЕРТЕЖ;10
68404;КАРАНДАШИ;10
68405;КНИГИ КОНТОР;10
68406;КНОПКИ СКРЕПКИ;10
68408;ПЛАСТИЛИН;10
68409;ПРИНАД ШК-П ПР;10
68410;АВТОРУЧКИ;10
68411;СЧЕТЫ КОНТ ШК;10
68412;ТЕТРАДИ УЧЕН;10
68413;ТУШЬ;10
68414;ЧЕРНИЛА;10
68501;ВЕНИКИ МЕТЛЫ;10
68502;ВЕРШИ РЫБОЛОВ;10
68503;ИЗД КОРЫ ПР;10
68504;ИЗД ЛЫКА ПР;10
68505;ИЗД МОЧАЛ ПР;10
68506;ИЗД ТРАВ;10
68507;КОВРЫ КАМЫШ КОК;10
68508;КОРЗИНКИ ЛОЗОВ;10
68509;КОРОБКИ ЛУБОЧ;10
68511;ЛЮФА;10
68512;МАТЫ РАСТИТ МАТ;10
68513;МЕБЕЛЬ ПЛЕТЕН;10
68514;РОГОЖИ;10
68515;ЦИНОВКИ;10
69100;ГРУЗЫ ДЛЯ ЛИЧН;10
69201;АВТОКАМЕРЫ СТ;10
69202;АВТОПОКРЫШКИ СТ;10
69204;ВЕЛОКАМЕРЫ СТ;10
69205;ВЕЛОПОКРЫШКИ СТ;10
69206;ВЕТОШЬ;10
69207;ИЗД ГУТТАПЕР СТ;10
69208;ИЗД КАУЧУК СТ;10
69209;ИЗД КОЖ СТ;10
69210;ИЗД РЕЗИН СТ;10
69212;КРОШКА РЕЗИН;10
69214;МАКУЛАТУРА;10
69216;ОБРЕЗКИ КАРТОНА;10
69220;ОСТ РЕЗИН ПРОИЗ;10
69221;ОСТ ПРЯД ПРОИЗ;10
69222;ОТХОДЫ ТРИКОТАЖ;10
69224;ПОКРЫШКИ РЕЗ СТ;10
69226;ПРОКЛАД КАР СТ;10
69227;УТИЛЬ-СЫРЬЕ ПР;10
69228;ВЕТОШЬ ПРОМАСЛ;10
69229;ОТХ ТЕКС ПРОМАС;10
69301;ВЕЩЕСТ РАДИОАКТ;10
69303;ЗЕМЛЯ ОГОРОД;10
69308;ПР ГРУЗЫ ПР;10
69309;СНАРЯЖ ЭКСПЕД;10
69313;ШАШКИ ТЕРМ-МУФ;10
69314;ВЗРЫВЧАТ МАТЕР;10
69315;ВАГОНЫ С ЛЮДЬМИ;10
69317;ОБОРУД СЪЕМ;10
69320;ПОЛУПРИЦЕП ПОР;11
69323;СБОР КОНТ ОТПР;10
69326;ПОЛУПРИЦЕП ГРУЖ;11
69327;КУЗОВ СЪЕМ ГРУЖ;10
69330;ПОЧТОВЫЕ ОТПРАВ;10
71100;УГЛЕВОДОРОДЫ;10
71101;АНТРАЦЕН;10
71102;АЦЕТИЛЕН РАСТВ;10
71103;БЕНЗОЛ;10
71105;БЕНТОЛ;10
71107;БУТИЛЕН;10
71108;ВИНИЛБЕНЗОЛ ИНГ;10
71109;ГЕКСЕН-1;10
71110;ГЕПТАН;10
71113;ДИПЕНТЕН;10
71116;ДИЦИКЛОПЕНТАД;10
71117;1,4-ДИЭТИЛБЕНЗ;10
71118;ДОДЕКАН;10
71119;ИЗОАМИЛЕНЫ;10
71120;ИЗОБУТИЛЕН;10
71121;ИЗООКТАН;10
71123;ИЗОПРЕН ИНГ;10
71124;ИЗОПРОПЕНИЛБЕНЗ;10
71125;ИЗОПРОПИЛБЕНЗОЛ;10
71126;КСИЛОЛ;10
71128;МЕТИЛБЕНЗОЛ;10
71129;МЕТИЛВИНИЛПИРИД;10
71130;2-МЕТИЛНАФТАЛИН;10
71131;НАФТАЛИН;10
71132;ПЕНТАН;10
71135;ПИРИДИН;10
71137;ПРОПИЛЕН;10
71141;ТЕТРАМЕР ПРОПИЛ;10
71142;ТРИМЕР ПРОПИЛЕН;10
71144;УГЛЕВОДОРОД ЛЕГ;10
71145;УГЛЕВОДОРОД ТЯЖ;10
71146;ФР С16-18,20-26;10
71148;ФР С-8,8-10,10;10
71149;ФР С12-С14;10
71150;ФР АЛЬФАМЕТСТИР;10
71152;ФР АРОМАТ ПР;10
71157;ТЕТРАН;10
71162;ФР ЭТИЛБЕНЗОЛ;10
71163;ФУРФУРОЛ;10
71165;ЦИКЛОГЕКСАН;10
71168;ЭТИЛБЕНЗОЛ;10
71202;БЕНЗИЛХЛОРИД;10
71208;БУТИЛ ХЛОРИСТ;10
71211;ВИНИЛИДЕНХЛ ИНГ;10
71215;ГЕКСАХЛОРЭТАН;10
71218;1,2-ДИБРОМЭТАН;10
71222;1,2-ДИХЛОРЭТАН;10
71225;МЕТИЛ ХЛОРИСТ;10
71227;МЕТИЛЕНХЛОРИД;10
71228;ПЕНТАХЛОРЭТАН;10
71229;ПЕРХЛОРЭТИЛ ТЕХ;10
71231;ТЕТРАБРОМЭТАН;10
71232;ТЕТРАФТОРМЕТАН;10
71237;ТЕТРАХЛОРЭТАН;10
71238;ТЕТРАХЛОРЭТИЛЕН;10
71240;ТРИХЛОРДИФЕНИЛ;10
71241;ХЛАДОН-113;10
71242;ТРИФТОРХЛОРЭТИЛ;10
71246;ТРИХЛОРЭТИЛЕН;10
71248;УГЛЕРОД ЧЕТХЛОР;10
71249;ХЛАДОН-11;10
71250;ХЛАДОН-12;10
71251;ХЛАДОН-612;10
71252;ХЛАДОНЫ ПР;10
71253;ХЛОРНАФТАЛИН;10
71254;ХЛОРОФОРМ;10
71260;ЭТИЛХЛОРИД;10
71301;ДИФЕНИЛМЕТАНД;10
71304;КАПРОЛАКТАМ;10
71305;СУРИЗОНЫ;10
71306;МЕТИЛТЕТРАГИДР;10
71309;ПОЛИИЗОЦИАНАТЫ;10
71310;ПРОИЗВ УГЛ ПР;10
71311;ТЕТРАГИДРОФУРАН;10
71312;ТОЛУИЛЕНДИИЗОЦ;10
71317;УГЛЕВОДОРОДЫ ТЕ;10
72101;АНТИФРИЗЫ ЭТИЛ;10
72102;АНТИФРИЗЫ ПР;10
72103;БУТАНДИОЛ-1,-2;10
72104;БУТАНОЛ;10
72105;ГЕПТАНОЛ;10
72106;ГЛИКОЛИ ПР;10
72107;ГЛИЦИДОЛ;10
72108;ГЛИЦЕРИН ТЕХ;10
72115;ДИЭТИЛГЕКСАНОЛ;10
72116;ДИЭТИЛЕНГЛИКОЛ;10
72117;БУТИЛКАРБИТОЛ;10
72118;ЖИДКОСТЬ ПГВ;10
72119;"ЖИДК ""АРКТИКА""";10
72122;"ЖИДКОСТЬ ""ИМ""";10
72126;МЕТИЛИЗОБУТИЛК;10
72131;ОСУШИТЕЛЬ-СЫРЕЦ;10
72132;ПЕНТАЭРИТРИТ;10
72133;ПОЛИГЛИКОЛИ;10
72134;ПОЛИЭТИЛЕНГ ВОД;10
72135;ПРОКСАНОЛ ВОДМ;10
72136;ПРОПИЛЕНГЛИКОЛИ;10
72137;ПЫЛЕПОДАВИТЕЛЬ;10
72138;СПИРТ АЛЛИЛОВ;10
72140;СПИРТ БЕНЗИЛОВ;10
72143;СПИРТ ДИАЦЕТОН;10
72145;СПИРТ ИЗОБУТИЛ;10
72146;СПИРТ ИЗООКТИЛ;10
72147;СПИРТ ИЗОПРОПИЛ;10
72148;СПИРТ МЕТИЛОВ;10
72150;СПИРТ ОКТИЛОВ;10
72151;СПИРТ ПОЛИВИНИЛ;10
72152;СПИРТ Н-ПРОПИЛ;10
72156;СПИРТ ФУРФУРИЛ;10
72157;СПИРТ ЭТИЛ ТЕХ;10
72158;СПИРТЫ ЖИР СИНТ;10
72159;СПИРТЫ ПР;10
72160;ТЕТРАЭТИЛЕНГЛИК;10
72161;ТОСОЛ А-40;10
72162;ТОСОЛЫ ПР;10
72163;ТРИЭТИЛЕНГЛИКОЛ;10
72167;ЭТИЛЕНГЛИКОЛЬ;10
72168;ЭТИЛКАРБИТОЛ;10
72201;АЛКИЛФЕНОЛ;10
72203;АГИДОЛ;10
72204;ДИФЕНИЛОЛПРОП;10
72205;КРЕОЛИН;10
72206;КСИЛЕНОЛ ТЕХ;10
72209;МАСЛО ФЕНОЛЬН П;10
72210;МОНОАЛКИЛФЕНОЛЫ;10
72216;ФЕНОЛ РАСПЛАВ;10
72217;ФЕНОЛОСПИРТЫ ПР;10
72218;ФЕНОКСИМЕТАНОЛ;10
72219;ФЕНОЛ РАСТВ;10
72221;ФЕНОЛЫ ПР;10
72222;ФЕНОЛЯТЫ;10
72301;АКРОЛЕИН ИНГ;10
72303;АЛЬДЕГИД КРОТОН;10
72304;АЛЬДЕГИД МАСЛЯН;10
72305;АЛЬДЕГИДЫ ПР;10
72306;АНГИДРИД МАЛЕИН;10
72308;АНГИДРИД ФТАЛЕВ;10
72309;АЦЕТАЛЬДЕГИД;10
72310;АЦЕТОН;10
72313;ГЛИОКСАЛЬ;10
72317;ИЗОФОРОН;10
72319;МЕТИЛИЗОБУТКЕТ;10
72320;N-МЕТИЛПИРРОЛИД;10
72321;МЕТИЛЭТИЛКЕТОН;10
72322;МОНОМЕРЫ ФА ФАМ;10
72324;ПАРАФОРМАЛЬДЕГ;10
72325;МОНОМЕРЫ ПР;10
72326;ФОРМАЛИН;10
72327;ФОРМАЛЬДЕГ ЛВОС;10
72331;ЦИКЛОГЕКСАНОН;10
72332;АНГИДРИДЫ ПР;10
72401;БЕНЗОЛСУЛЬФОКИС;10
72403;КАЛИЯ АЦЕТАТ;10
72404;ОЭДФ-1;10
72405;КИСЛОТА АДИПИН;10
72406;КИСЛОТА АКРИЛОВ;10
72407;КИСЛОТА ИЗОФТАЛ;10
72408;КИСЛОТА МАЛЕИН;10
72409;КИСЛОТА МЕТ ИНГ;10
72410;КИСЛОТА МОНОХЛ;10
72411;КИСЛОТА МУРАВ;10
72412;КИСЛОТА НАФТЕН;10
72413;#;10
72414;КИСЛ НИТРИЛОТР;10
72415;КИСЛОТА ОЛЕИНОВ;10
72416;КИСЛОТА ПРОПИОН;10
72417;КИСЛОТА САЛИЦИЛ;10
72418;КИСЛОТА СТЕАРИН;10
72420;КИСЛ УКСУС Б 80;10
72421;КИСЛ УКСУС10-80;10
72422;КИСЛОТА ХЛОРУКС;10
72423;КИСЛОТА ЩАВЕЛЕВ;10
72424;КИСЛОТА ЭТИЛСЕР;10
72425;КИСЛОТЫ ДИХЛОРК;10
72426;КИСЛ ЖИР СИНТ;10
72427;КИСЛОТЫ ОРГ ПР;10
72428;"КОНС ""СИЛОБЕН""";10
72430;МЕТИЛАТ НАТРИЯ;10
72431;НАТРИЯ АЦЕТАТ;10
72433;НАТРИЯ ФОРМИАТ;10
72434;СВИНЦА СТЕАРАТ;10
72436;СОЛИ МУРАВ ПР;10
72437;СОЛИ ОРГ КИС ПР;10
72438;АЦЕТАТЫ ПР;10
72502;АЦЕТАЛИ ПР;10
72503;АЦЕТИЛЦЕЛЛЮЛОЗА;10
72505;БЕНЗИЛАЦЕТАТ;10
72506;БУТИЛАКРИЛАТ ИН;10
72507;БУТИЛАЦЕТАТ;10
72508;БУТИЛЛАКТАТ;10
72509;БУТИЛМЕТАКРИЛАТ;10
72510;БУТИЛЦЕЛЛОЗОЛЬВ;10
72511;ВИНИЛАЦЕТАТ ИНГ;10
72512;ДИМЕТИЛСУЛЬФАТ;10
72513;ДИМЕТИЛСУЛЬФИТ;10
72514;ЖИДКОСТИ ГИДРОТ;10
72515;ИЗОБУТИЛАЦЕТАТ;10
72516;ИЗОБУТИЛМЕТАКР;10
72517;ИЗОПРОПИЛАЦЕТАТ;10
72519;КОЛЛОКСИЛИН;10
72520;КСАНТОГ КАЛИЯ Б;10
72521;ЛАПРОЛЫ;10
72522;МЕТИЛАКРИЛАТ ИН;10
72523;МЕТИЛАЦЕТАТ;10
72524;МЕТИЛМЕТАКРИЛАТ;10
72526;МЕТИЛФОРМИАТ;10
72527;МЕТИЛЦИКЛОГЕКС;10
72531;НИТРОЦ Б25 СПИР;10
72532;ОКТИЛАЦЕТАТ;10
72533;ПОЛИЭФИРЫ;10
72534;Н-ПРОПИЛАЦЕТАТ;10
72536;ЭТИЛАЦЕТАТ;10
72538;ЭТИЛЦЕЛЛЮЛОЗА;10
72541;ЭФИР БУТИЛОВЫЙ;10
72542;ЭФИР ВИНИЛНБУТ;10
72543;ЭФИР ДИМЕТИЛОВ;10
72544;ЭФИР Д ПЕРФТОРП;10
72545;ЭФИР Д ПЕРФТАД;10
72547;ЭФИР ДИЭТИЛОВЫЙ;10
72548;ЭФИР МЕТИЛОВЫЙ;10
72549;ЭФИР МЕТ АЦЕТУК;10
72550;ЭФИР МЕТИЛТРЕТБ;10
72551;МЕТИЛЦЕЛЛОЗОЛЬВ;10
72555;ЭФИР ХЛОРДИМЕТ;10
72556;ЭФИРЫ М С10-С18;10
72557;ЭФИРЫ М С7-С9;10
72558;ЭФИРЫ ПР;10
72559;ЭФИР МОНОЭТ ЭТ;10
72560;КСАНТОГЕНАТ КАЛ;10
72561;КСАНТОГЕНАТ ЖИД;10
72562;КСАНТОГЕНАТ ТВ;10
72563;ЖИДКОСТЬ ГИДРАВ;10
72565;ЛАУРОКС-9;10
72566;ОКСАНОЛЫ;10
72568;СИНТАНОКС;10
72570;АЛКИЛСУЛЬФОНАТ;10
72607;ОКСИД ПРОПИЛЕНА;10
72608;ОКСИД ЭТИЛЕНА;10
72611;ПЕРОКСИД ДИКУМ;10
72616;ПЕРОКСИДЫ ФР Ж;10
72617;ПЕРОКСИДЫ ПР;10
72618;ПОЛИЭТИЛЕНОКСИД;10
72619;ЭПИХЛОРГИДРИН;10
73101;1-(2-АМИНОЭТИЛ);10
73102;АКРИЛАМИД;10
73103;АМИНОНАФТОЛ;10
73104;АМ С17-С20 КУБ;10
73105;АМ С17-С20 ПЕРВ;10
73106;АМИНЫ, АМИДЫ ПР;10
73107;АНИЗИДИН;10
73108;ГЕКСАМЕТИЛЕНД В;10
73109;УРОТРОПИН ВОД;10
73110;ГЕКСАХЛОРМЕЛ ФЛ;10
73112;ДИИЗОПРОПИЛАМИН;10
73113;ДИМЕТИЛЭТАНОЛАМ;10
73115;ДИМЕТИЛАМИН ВОД;10
73116;N,N-ДИМЕТИЛАЦЕТ;10
73117;N,N-ДИМЕТИЛФОРМ;10
73118;ДИПРОКСАМИН;10
73120;ДИФЕНИЛАМИН;10
73121;ДИХЛОРАМИНЫ;10
73122;ДИЦИАНДИАМИД;10
73123;ДИЦИКЛОГЕКСИЛАМ;10
73124;ДИЭТАНОЛАМИН;10
73125;ДИЭТИЛЕНТРИАМИН;10
73127;ЛИЗИН,СОЛИ ЛИЗИ;10
73128;МЕЛАМИН;10
73129;МЕТИЛАМИН БВОД;10
73130;МЕТИЛАМИН ВОД;10
73131;МЕТИЛДИЭТАНОЛАМ;10
73132;МОНОИЗОПРОПИЛАМ;10
73133;МОНОХЛОРАМИН ХБ;10
73134;МОНОЭТАНОЛАМИН;10
73138;ПАДФА;10
73139;ПОЛИЭТИЛЕНПАМИН;10
73140;ПРОДУКТ С-789;10
73141;ПРОКСАМИН ВОДОМ;10
73143;ПРОПИЛАМИН;10
73145;ТРИМЕТИЛАМ М50;10
73146;ТРИЭТАНОЛАМИН;10
73147;ТРИЭТИЛАМИН;10
73149;ФЛОТАМИН;10
73151;ЦИКЛОГЕКСИЛАМИН;10
73153;ЭТИЛЕНДИАМИН;10
73155;ПРОДУКТ АГМ-9;10
73156;АМИНОКИСЛОТЫ КО;10
73201;АДИПОДИНИТРИЛ;10
73203;АЦЕТОНИТРИЛ ТЕХ;10
73204;ГУАНИДИНА НИТР;10
73205;ДИАЗОДИМЕТИЛАН;10
73216;НИТРОТОЛУОЛЫ;10
73217;АКРИЛОНИТРИЛ ИН;10
73220;УРОТРОПИНА НИТР;10
74102;ВИНИЛТРИХЛОРСИЛ;10
74103;ДИМЕТИЛДИХЛОРС;10
74114;МЕТИЛТРИХЛОРСИЛ;10
74119;ЭТИЛСИЛИКАТ ТЕХ;10
74128;ХЛОРСИЛАНЫ ПР;10
74135;ЖИДК КР-ОРГ ПР;10
74201;АЦЕТОНЦИАНГИДР;10
74202;БУТИРОЛАКТОН;10
74204;ГОМОСЕРИН А;10
74206;ДИМЕТИЛСУЛЬФИД;10
74211;ДОДЕЦИЛМЕРКАПТ;10
74212;ЖЕЛЕЗО КАРБОНИЛ;10
74213;ЖИДКОСТЬ ЭТИЛОВ;10
74215;КСИЛИТАН;10
74217;НАТРИЙ-ИХТИОЛ;10
74218;НАТР МЕТ-МЕТ Р;10
74220;НЕРОЗИН;10
74221;ОДОРАНТ СПМ;10
74222;ОКСИФОС Б;10
74224;ПЕНТАХЛОРФ НАТР;10
74227;ПРЕПАРАТ ВЗЖ;10
74232;СЕРОУГЛЕРОД;10
74235;СОЛЬ ОРТОЛУИДИН;10
74241;ТРИНОНИЛФЕНИЛФ;10
74244;ТР-(Б-ХЛОРПР)Ф;10
74245;ТРИХЛОРПРОПИЛФ;10
74249;ЭТИЛСИЛИКАТ-40;10
74250;ОРГАНИЧ.СОЕД.ПР;10
74251;НАТРИЯ ДИМЕТЛДИ;10
75102;АНТИСЕПТИКИ ПР;10
75103;АЭРОЗОЛИ ВОС ЯД;10
75104;ДЕЗИНФ СРЕД ПР;10
75105;МАССА ЛИПКАЯ;10
75106;ПЕСТ ЖИД Н23;10
75107;ПЕСТ ЖИД В23;10
75108;ПЕСТ ЖИД ЯД;10
75109;ПЕСТ ТВЕРД ЯД;10
75111;ПРОТРАВИТЕЛИ ПР;10
75112;СОЛИ ХЛОРИЗОЦ К;10
75113;СРЕД ДЕЗОДОР ПР;10
75201;ДИАЛЛИЛФТАЛАТ;10
75203;ДИБУТИЛФТАЛАТ;10
75209;ДИОКТИЛФТАЛАТ;10
75210;ДИЭТИЛКАРБОНАТ;10
75212;МОДИФИКАТ РУНП;10
75214;ПЕНООБРАЗ ПР;10
75218;ПЛАСТ ДИБУТИЛАД;10
75222;ПЛАСТ СБ-2А;10
75224;ПЛАСТ ФОСФАТ;10
75225;ПЛАСТ ПР;10
75226;"СПЛАСТ ""ДОФЕН""";10
75227;ТРИБУТИЛФОСФАТ;10
75228;ТРИКРЕЗИЛФОСФАТ;10
75229;ХЛОРПАРАФИН;10
75301;БАКТЕРИЦИД;10
75303;ЭМУЛЬГАТОР;10
75304;ВЕЩ ТЕК-ВСП ПР;10
75309;ДЕЭМ НЕФ ЭМУЛЬС;10
75312;ДЕЭМ СОД МЕН;10
75313;ДЕЭМ ПР;10
75315;ДИСПЕРГАТОР НФ;10
75316;ДИСПЕРГАТОРЫ ПР;10
75317;ДУБИТЕЛИ СИНТ;10
75318;ЗАКРЕПИТЕЛИ;10
75325;ИНГИБИТ СНПХ;10
75331;ИНГИБИТ ПАРАФИН;10
75332;ИНГИБИТ СОЛЕОТЛ;10
75333;ИНГИБИТ ПР;10
75335;ЛЕЙКАНОЛЬ;10
75336;ПОВЕРХ ДОБ СПД;10
75337;СМАЧИВАТЕЛЬ НБ;10
75339;СУЛЬФОНАФТ;10
75340;СУЛЬФОНОЛ ПАСТА;10
75341;ЭКСТР ДУБИЛ ЖИД;10
75342;ЭКСТР ДУБ РАСТ;10
75344;НЕОНОЛЫ;10
75345;МОРФОЛИН;10
75347;ОКСИДОЛ-ДЕЭМУЛ;10
75348;ПРЕПАРАТ ОС-20;10
75402;БЕНЗИН Д/ЛАКОКР;10
75403;ВУЛКАЦИТ;10
75404;ДИФЕНИЛГУАНИДИН;10
75407;ПОРОФОР П-18 ФЛ;10
75408;ПОРОФОР ЧХ3-57;10
75409;ПОРОФОР ЧХЗ-21;10
75410;ПОРОФОР ЧХЗ-5;10
75411;РАСТВ ПР;10
75413;РАСТВ АР;10
75414;РАСТВ ЛТИ;10
75417;РАСТВ СФПК;10
75420;РЕАГЕНТЫ ПР;10
75421;РЕАГЕНТ Д/ФЛОТ;10
75422;РЕАГЕНТ УГЛЕЩЕЛ;10
75424;СТАБИЛИЗ Д/ПОЛ;10
75425;СУЛЬФЕНАМИД БТ;10
75426;ТИУРАМЫ ТЕХ;10
75427;УСКОРИТЕЛИ ПР;10
75428;УСКОРИТ БНК-2;10
75431;ФРЕАГ ПР;10
75432;ФРЕАГ Т-66;10
75503;РЕАКТИВЫ ФОТОГР;10
75601;ПАСТА МОЮЩ;10
75602;ПОРОШКИ СТИР;10
75603;СРЕДСТ Д/ОТБЕЛ;10
75604;СРЕДСТ Д/ОЧИСТ;10
75605;СРЕДСТ МОЮЩ ЖИД;10
75606;СРЕДСТ МОЮЩ ПР;10
75607;СРЕДСТ КСШ-1;10
75705;АНТИОКСИД ВС-1;10
75707;АЭРОЗОЛИ;10
75708;АЭРОЗОЛИ ВОСПЛ;10
75709;АЭРОЗОЛИ НЕЯД;10
75712;ГЕПТИЛ;10
75715;ЖИДКОСТЬ АЗИ-3;10
75716;"ЖИДКОСТЬ ""НЕВА""";10
75717;"ЖИДК ""СТЕОЛ-М""";10
75723;КОМПОЗ ГПР;10
75724;КОМПОЗ ЖИРУЮЩ;10
75725;КОМПОНЕНТЫ ИЗОЦ;10
75732;ЛЕЦИТИН РАСТ;10
75737;МЕТИОНИН КОРМОВ;10
75740;ОТВЕРДИТ ПОЛИОК;10
75742;ПАСТА АЛКИЛСУЛ;10
75743;"ПВК ""БЕЛОРУСИТ""";10
75744;ПОЛИФУРИТ;10
75748;ПРЕПАРАТЫ ГАЛЕН;10
75751;ПРИСАДКА ПОЛИМ;10
75757;СВЕЧИ ПАРАФИНОВ;10
75764;ФЛЮС ЖИД БМ-1;10
75767;ЦИНХОНИН;10
75768;ПОЛИУРЫ;10
75769;КОМПОЗ ДН-9010;10
75771;ЭЛЕКТРОЛ Д/ИСТ;10
75772;ХИМИКАТЫ ПР;10
75773;РОСДОТ;10
75801;МАСЛА СИВУШ;10
75804;ОРГ ОТХОД ФТАЛ;10
75805;ОСТАТКИ КУБОВ;10
75809;ОТХОД ПЛАСТМ ПР;10
75811;ШЛАМ СЕРН;10
75812;ШЛАМЫ СЕРНОКИСЛ;10
75813;ЩСПК;10
1100;ПШЕНИЦА;9
1200;РОЖЬ;9
1300;ОВЕС;9
1400;ЯЧМЕНЬ;9
1500;ЗЕРНО КУКУРУЗ;9
1701;РИС НЕШЕЛУШ;9
1702;РИС ШЕЛУШ;9
1703;РИС ПР;9
1801;ГРЕЧИХА;9
1802;ЗЕРНО БОБОВ;9
1803;ЗЕРНО ГОРОХА;9
1804;ЗЕРНО ФАСОЛИ;9
1805;ЗЕРНОВЫЕ ПР;9
1806;ЗЕРНООТХОДЫ;9
1807;НУТ;9
1809;ПРОСО;9
1810;СМЕСЬ ЗЕРНОВ;9
1811;СОЛОД В ЗЕРНЕ;9
1812;СОРГО;9
1813;ЧЕЧЕВИЦА;9
1816;БОБЫ МУНГ;9
2100;СЕМЕНА ТЕХ;9
2103;ЗЕРНО МАКА;9
2104;СЕМЕНА КЕНАФА;9
2106;СЕМЕНА КУНЖУТА;9
2107;СЕМЕНА ЛЬНА;9
2108;СЕМЕНА МАСЛ ПР;9
2109;СЕМЕНА ПОДСОЛН;9
2110;СЕМЕНА СОИ;9
2112;СЕМЯ КОРИАНДР;9
2114;СЕМЕНА КЛЕЩЕВИН;9
2200;СЕМЕНА ХЛОПЧАТН;10
2403;СЕМЕНА КОРМ ПР;9
2404;СЕМЕНА ЛЕКАРСТВ;9
2406;СЕМЕНА ЛЮЦЕРНЫ;9
2407;СЕМЕНА ОВОЩ БАХ;9
2411;СЕМЕНА ТЫКВЫ;9
2412;СЕМЕНА ЦВЕТОЧН;9
3101;ХЛОПОК-СЫРЕЦ;10
4103;БОБЫ ОВОЩН СВЕЖ;10
4105;ГОРОХ ОВОЩ СВЕЖ;10
4106;ГРИБЫ СВЕЖ;10
4107;КОРНЕПЛОДЫ СВЕЖ;10
4109;КАПУСТА СВЕЖ;10
4111;ЛУК РЕПЧАТЫЙ;10
4112;ОВОЩИ СВЕЖМОР;10
4113;ОВОЩИ СВЕЖИЕ ПР;10
4114;ОГУРЦЫ СВЕЖ;10
4116;ПЕРЕЦ СВЕЖ;10
4118;МОРКОВЬ СВЕЖ;10
4119;ТОМАТЫ СВЕЖ;10
4125;СВЕКЛА КОР СВЕЖ;10
4126;СВЕКЛА СТ СВЕЖ;10
4131;ФАСОЛЬ СВЕЖ;10
4134;ЧЕСНОК СВЕЖ;10
4201;АРБУЗЫ СВЕЖ;10
4301;КАРТОФЕЛЬ РАН;10
4302;КАРТОФЕЛЬ ПОЗДН;10
4303;КАРТОФЕЛЬ СЕМЕН;10
4400;СВЕКЛА САХАР;10
5101;АБРИКОСЫ СВЕЖ;10
5102;АЙВА СВЕЖ;10
5103;АЛЫЧА СВЕЖ;10
5104;АНАНАСЫ СВЕЖ;10
5105;БАНАНЫ СВЕЖ;10
5108;БРУСНИКА СВЕЖМ;10
5111;ГРАНАТЫ;10
5112;ГРУШИ СВЕЖ;10
5116;КЛЮКВА СВЕЖМОР;10
5119;МАСЛИНЫ СВЕЖ;10
5120;МУШМУЛА СВЕЖ;10
5122;ОБЛЕПИХА СВЕЖМ;10
5123;ПЕРСИКИ СВЕЖ;10
5130;ФРУКТЫ СВЕЖ ПР;10
5131;ФРУКТЫ СВЕЖМ ПР;10
5132;ХУРМА СВЕЖ;10
5137;ЯГОДЫ СВЕЖ ПР;10
5138;ЯГОДЫ СВЕЖМ ПР;10
5201;ЯБЛОКИ СВЕЖМОР;10
5202;ЯБЛОКИ СВЕЖ;10
5301;АПЕЛЬСИНЫ СВЕЖ;10
5302;ГРЕЙПФРУТЫ СВЕЖ;10
5303;ЛИМОНЫ СВЕЖ;10
5304;МАНДАРИНЫ СВЕЖ;10
5305;ПОМЕРАНЦЫ СВЕЖ;10
5306;ЦИТРУСОВЫЕ ПР;10
5401;АРАХИС;10
5403;КОПРА;10
5404;ОРЕХИ ГРЕЦКИЕ;10
5405;ОРЕХИ КЕДРОВЫЕ;10
5406;ОРЕХИ ЛЕЩИННЫЕ;10
5407;ОРЕХИ МИНДАЛЬН;10
5408;ОРЕХИ ПР;10
5409;ОРЕХИ ФИСТАШКОВ;10
5410;ЯДРА ОРЕХ ФРУКТ;10
6309;ЛОШАДИ;10
7102;КОРМА РАСТ ПР;10
7107;СЕНО ПРЕССОВ;10
7112;ТРОСТНИК;10
7114;ПЕЛЛЕТЫ ОТХ РАС;10
7201;ОТХОДЫ ТАБАЧНЫЕ;10
7202;СЫРЬЕ МАХОР ПР;10
7203;СЫРЬЕ ТАБАКА;10
7402;ТРАВА АНАБАЗИСА;10
7403;БОДЯГА;10
7404;ВОДОРОСЛИ ВС;10
7406;КАПУСТА МОРСК;10
7410;КОРНИ ЛЕКАРСТ;10
7415;ПОЧКИ БЕРЕЗ СОС;10
7416;РАСТЕНИЯ ЛЕКАР;10
7417;РОМАШКА ВС;10
7420;ХМЕЛЬ;10
7422;ШИПОВНИК;10
7423;ЯГОДЫ ЛЕКАР ПР;10
7501;ЛУКОВ ЦВЕТОЧ;10
7502;МИЦЕЛИЙ ШАМПИН;10
7505;РАССАДА ПР;10
7506;ЦВЕТЫ;10
7507;ЧЕРЕНКИ РАСТЕН;10
7601;ВОЛОС ВС;10
7604;ПЕРО ПТИЧЬЕ;10
7605;ПУХ ПТИЦ;10
7606;ПУХ ЖИВОТНЫХ;10
7608;ШЕРСТЬ МЫТАЯ;10
7609;ШЕРСТЬ НЕМЫТАЯ;10
7703;ЛОСКУТ КОЖ НЕВ;10
7708;СЫРЬЕ КОЖАН МОК;10
7714;ШКУРЫ НЕВ ПР;10
7801;АГРИМУС;10
7803;МУКА КОСТНАЯ;10
7806;УДОБРЕН ОРГ ПР;10
8101;БАМБУК;6
8102;БАЛАНСЫ ДО 1,5М;6
8103;БАЛАНСЫ СВ 1,5М;6
8104;БАЛАНСЫ ХВОЙН;6
8107;ЖЕРДИ КОЛЬЯ;6
8108;КРЯЖ;6
8109;ЛЕСМАТ ДО 2 М;6
8110;ЛЕСМАТ СВ 2М;6
8112;КРЯЖ СПИЧЕЧН;6
8113;ЛЕСМАТ КРУГ ПР;6
8114;ЛЕСМАТ СТРОИТ;6
8117;КРЯЖ ФАНЕРНЫЙ;6
8118;ПИЛОВОЧНИК ВС;6
8120;СТОЛБЫ ДЕРЕВ;6
8202;ПРОПСЫ;6
9101;БАЛКИ ДЕРЕВ;6
9102;ГОРБЫЛЬ;6
9104;ЗАГОТ ДЕРЕВ КАР;6
9106;ЗАГОТ ДЕРЕВ ПР;6
9109;ОБАПОЛ;6
9110;ПИЛМАТ ГРУЗ ВАГ;6
9111;ПИЛМАТ ПР;6
9112;СТОЙКИ ВАГ ДЕР;6
9113;ТРАВЕРСЫ;6
9114;ШТАКЕТНИК;6
9115;ДОЩЕЧКИ ЯЩИЧНЫЕ;6
9201;БРУСЬЯ СТР НЕПР;6
9204;ШПАЛЫ НЕПР НОВ;6
9205;ШПАЛЫ НЕПР СТАР;6
9301;БРУСЬЯ СТР ПРОП;6
9302;БРУС МОСТ ПРОП;6
9303;ШПАЛЫ ПРОП НОВ;6
9304;ШПАЛЫ ПРОП СТАР;6
9401;ПЛАСТИКИ ДРЕВ;6
9402;ПЛИТЫ ФАНЕР;6
9403;ТРУБЫ МУФТЫ ФАН;6
9404;ФАНЕРА БАКЕЛИЗ;6
9405;ФАНЕРА ДЕКОРАТ;6
9407;ФАНЕРА КЛЕЕНАЯ;6
9408;ФАНЕРА ОБЛИЦОВ;6
9409;ФАНЕРА ПР;6
9410;ШПОН ЛУЩ СТРОГ;6
